_id,name,image_url,identifier,weight,height,types
1,Bulbasaur,https://raw.githubusercontent.com/PokeAPI/sprites/master/sprites/pokemon/1.png,bulbasaur,69,7,grass;poison
2,Ivysaur,https://raw.githubusercontent.com/PokeAPI/sprites/master/sprites/pokemon/2.png,ivysaur,130,10,grass;poison
3,Venusaur,https://raw.githubusercontent.com/PokeAPI/sprites/master/sprites/pokemon/3.png,venusaur,1000,20,grass;poison
4,Charmander,https://raw.githubusercontent.com/PokeAPI/sprites/master/sprites/pokemon/4.png,charmander,85,6,fire
5,Charmeleon,https://raw.githubusercontent.com/PokeAPI/sprites/master/sprites/pokemon/5.png,charmeleon,190,11,fire
6,Charizard,https://raw.githubusercontent.com/PokeAPI/sprites/master/sprites/pokemon/6.png,charizard,905,17,fire;flying
7,Squirtle,https://raw.githubusercontent.com/PokeAPI/sprites/master/sprites/pokemon/7.png,squirtle,90,5,water
8,Wartortle,https://raw.githubusercontent.com/PokeAPI/sprites/master/sprites/pokemon/8.png,wartortle,225,10,water
9,Blastoise,https://raw.githubusercontent.com/PokeAPI/sprites/master/sprites/pokemon/9.png,blastoise,855,16,water
10,Caterpie,https://raw.githubusercontent.com/PokeAPI/sprites/master/sprites/pokemon/10.png,caterpie,29,3,bug
11,Metapod,https://raw.githubusercontent.com/PokeAPI/sprites/master/sprites/pokemon/11.png,metapod,99,7,bug
12,Butterfree,https://raw.githubusercontent.com/PokeAPI/sprites/master/sprites/pokemon/12.png,butterfree,320,11,flying;bug
13,Weedle,https://raw.githubusercontent.com/PokeAPI/sprites/master/sprites/pokemon/13.png,weedle,32,3,poison;bug
14,Kakuna,https://raw.githubusercontent.com/PokeAPI/sprites/master/sprites/pokemon/14.png,kakuna,100,6,bug;poison
15,Beedrill,https://raw.githubusercontent.com/PokeAPI/sprites/master/sprites/pokemon/15.png,beedrill,295,10,bug;poison
16,Pidgey,https://raw.githubusercontent.com/PokeAPI/sprites/master/sprites/pokemon/16.png,pidgey,18,3,normal;flying
17,Pidgeotto,https://raw.githubusercontent.com/PokeAPI/sprites/master/sprites/pokemon/17.png,pidgeotto,300,11,normal;flying
18,Pidgeot,https://raw.githubusercontent.com/PokeAPI/sprites/master/sprites/pokemon/18.png,pidgeot,395,15,flying;normal
19,Rattata,https://raw.githubusercontent.com/PokeAPI/sprites/master/sprites/pokemon/19.png,rattata,35,3,normal
20,Raticate,https://raw.githubusercontent.com/PokeAPI/sprites/master/sprites/pokemon/20.png,raticate,185,7,normal
21,Spearow,https://raw.githubusercontent.com/PokeAPI/sprites/master/sprites/pokemon/21.png,spearow,20,3,normal;flying
22,Fearow,https://raw.githubusercontent.com/PokeAPI/sprites/master/sprites/pokemon/22.png,fearow,380,12,normal;flying
23,Ekans,https://raw.githubusercontent.com/PokeAPI/sprites/master/sprites/pokemon/23.png,ekans,69,20,poison
24,Arbok,https://raw.githubusercontent.com/PokeAPI/sprites/master/sprites/pokemon/24.png,arbok,650,35,poison
25,Pikachu,https://raw.githubusercontent.com/PokeAPI/sprites/master/sprites/pokemon/25.png,pikachu,60,4,electric
26,Raichu,https://raw.githubusercontent.com/PokeAPI/sprites/master/sprites/pokemon/26.png,raichu,300,8,electric
27,Sandshrew,https://raw.githubusercontent.com/PokeAPI/sprites/master/sprites/pokemon/27.png,sandshrew,120,6,ground
28,Sandslash,https://raw.githubusercontent.com/PokeAPI/sprites/master/sprites/pokemon/28.png,sandslash,295,10,ground
29,Nidoran♀,https://raw.githubusercontent.com/PokeAPI/sprites/master/sprites/pokemon/29.png,nidoran-f,70,4,poison
30,Nidorina,https://raw.githubusercontent.com/PokeAPI/sprites/master/sprites/pokemon/30.png,nidorina,200,8,poison
31,Nidoqueen,https://raw.githubusercontent.com/PokeAPI/sprites/master/sprites/pokemon/31.png,nidoqueen,600,13,ground;poison
32,Nidoran♂,https://raw.githubusercontent.com/PokeAPI/sprites/master/sprites/pokemon/32.png,nidoran-m,90,5,poison
33,Nidorino,https://raw.githubusercontent.com/PokeAPI/sprites/master/sprites/pokemon/33.png,nidorino,195,9,poison
34,Nidoking,https://raw.githubusercontent.com/PokeAPI/sprites/master/sprites/pokemon/34.png,nidoking,620,14,poison;ground
42,Golbat,https://raw.githubusercontent.com/PokeAPI/sprites/master/sprites/pokemon/42.png,golbat,550,16,poison;flying
43,Oddish,https://raw.githubusercontent.com/PokeAPI/sprites/master/sprites/pokemon/43.png,oddish,54,5,grass;poison
44,Gloom,https://raw.githubusercontent.com/PokeAPI/sprites/master/sprites/pokemon/44.png,gloom,86,8,grass;poison
45,Vileplume,https://raw.githubusercontent.com/PokeAPI/sprites/master/sprites/pokemon/45.png,vileplume,186,12,poison;grass
46,Paras,https://raw.githubusercontent.com/PokeAPI/sprites/master/sprites/pokemon/46.png,paras,54,3,grass;bug
47,Parasect,https://raw.githubusercontent.com/PokeAPI/sprites/master/sprites/pokemon/47.png,parasect,295,10,grass;bug
48,Venonat,https://raw.githubusercontent.com/PokeAPI/sprites/master/sprites/pokemon/48.png,venonat,300,10,poison;bug
49,Venomoth,https://raw.githubusercontent.com/PokeAPI/sprites/master/sprites/pokemon/49.png,venomoth,125,15,poison;bug
50,Diglett,https://raw.githubusercontent.com/PokeAPI/sprites/master/sprites/pokemon/50.png,diglett,8,2,ground
51,Dugtrio,https://raw.githubusercontent.com/PokeAPI/sprites/master/sprites/pokemon/51.png,dugtrio,333,7,ground
52,Meowth,https://raw.githubusercontent.com/PokeAPI/sprites/master/sprites/pokemon/52.png,meowth,42,4,normal
53,Persian,https://raw.githubusercontent.com/PokeAPI/sprites/master/sprites/pokemon/53.png,persian,320,10,normal
54,Psyduck,https://raw.githubusercontent.com/PokeAPI/sprites/master/sprites/pokemon/54.png,psyduck,196,8,water
55,Golduck,https://raw.githubusercontent.com/PokeAPI/sprites/master/sprites/pokemon/55.png,golduck,766,17,water
56,Mankey,https://raw.githubusercontent.com/PokeAPI/sprites/master/sprites/pokemon/56.png,mankey,280,5,fighting
57,Primeape,https://raw.githubusercontent.com/PokeAPI/sprites/master/sprites/pokemon/57.png,primeape,320,10,fighting
58,Growlithe,https://raw.githubusercontent.com/PokeAPI/sprites/master/sprites/pokemon/58.png,growlithe,190,7,fire
59,Arcanine,https://raw.githubusercontent.com/PokeAPI/sprites/master/sprites/pokemon/59.png,arcanine,1550,19,fire
35,Clefairy,https://raw.githubusercontent.com/PokeAPI/sprites/master/sprites/pokemon/35.png,clefairy,75,6,fairy
36,Clefable,https://raw.githubusercontent.com/PokeAPI/sprites/master/sprites/pokemon/36.png,clefable,400,13,fairy
37,Vulpix,https://raw.githubusercontent.com/PokeAPI/sprites/master/sprites/pokemon/37.png,vulpix,99,6,fire
38,Ninetales,https://raw.githubusercontent.com/PokeAPI/sprites/master/sprites/pokemon/38.png,ninetales,199,11,fire
39,Jigglypuff,https://raw.githubusercontent.com/PokeAPI/sprites/master/sprites/pokemon/39.png,jigglypuff,55,5,fairy;normal
40,Wigglytuff,https://raw.githubusercontent.com/PokeAPI/sprites/master/sprites/pokemon/40.png,wigglytuff,120,10,normal;fairy
41,Zubat,https://raw.githubusercontent.com/PokeAPI/sprites/master/sprites/pokemon/41.png,zubat,75,8,poison;flying
60,Poliwag,https://raw.githubusercontent.com/PokeAPI/sprites/master/sprites/pokemon/60.png,poliwag,124,6,water
61,Poliwhirl,https://raw.githubusercontent.com/PokeAPI/sprites/master/sprites/pokemon/61.png,poliwhirl,200,10,water
62,Poliwrath,https://raw.githubusercontent.com/PokeAPI/sprites/master/sprites/pokemon/62.png,poliwrath,540,13,fighting;water
63,Abra,https://raw.githubusercontent.com/PokeAPI/sprites/master/sprites/pokemon/63.png,abra,195,9,psychic
64,Kadabra,https://raw.githubusercontent.com/PokeAPI/sprites/master/sprites/pokemon/64.png,kadabra,565,13,psychic
65,Alakazam,https://raw.githubusercontent.com/PokeAPI/sprites/master/sprites/pokemon/65.png,alakazam,480,15,psychic
66,Machop,https://raw.githubusercontent.com/PokeAPI/sprites/master/sprites/pokemon/66.png,machop,195,8,fighting
67,Machoke,https://raw.githubusercontent.com/PokeAPI/sprites/master/sprites/pokemon/67.png,machoke,705,15,fighting
68,Machamp,https://raw.githubusercontent.com/PokeAPI/sprites/master/sprites/pokemon/68.png,machamp,1300,16,fighting
76,Golem,https://raw.githubusercontent.com/PokeAPI/sprites/master/sprites/pokemon/76.png,golem,3000,14,rock;ground
77,Ponyta,https://raw.githubusercontent.com/PokeAPI/sprites/master/sprites/pokemon/77.png,ponyta,300,10,fire
78,Rapidash,https://raw.githubusercontent.com/PokeAPI/sprites/master/sprites/pokemon/78.png,rapidash,950,17,fire
79,Slowpoke,https://raw.githubusercontent.com/PokeAPI/sprites/master/sprites/pokemon/79.png,slowpoke,360,12,water;psychic
80,Slowbro,https://raw.githubusercontent.com/PokeAPI/sprites/master/sprites/pokemon/80.png,slowbro,785,16,water;psychic
81,Magnemite,https://raw.githubusercontent.com/PokeAPI/sprites/master/sprites/pokemon/81.png,magnemite,60,3,electric;steel
82,Magneton,https://raw.githubusercontent.com/PokeAPI/sprites/master/sprites/pokemon/82.png,magneton,600,10,electric;steel
83,Farfetch’d,https://raw.githubusercontent.com/PokeAPI/sprites/master/sprites/pokemon/83.png,farfetchd,150,8,normal;flying
84,Doduo,https://raw.githubusercontent.com/PokeAPI/sprites/master/sprites/pokemon/84.png,doduo,392,14,normal;flying
85,Dodrio,https://raw.githubusercontent.com/PokeAPI/sprites/master/sprites/pokemon/85.png,dodrio,852,18,normal;flying
86,Seel,https://raw.githubusercontent.com/PokeAPI/sprites/master/sprites/pokemon/86.png,seel,900,11,water
87,Dewgong,https://raw.githubusercontent.com/PokeAPI/sprites/master/sprites/pokemon/87.png,dewgong,1200,17,water;ice
88,Grimer,https://raw.githubusercontent.com/PokeAPI/sprites/master/sprites/pokemon/88.png,grimer,300,9,poison
89,Muk,https://raw.githubusercontent.com/PokeAPI/sprites/master/sprites/pokemon/89.png,muk,300,12,poison
90,Shellder,https://raw.githubusercontent.com/PokeAPI/sprites/master/sprites/pokemon/90.png,shellder,40,3,water
91,Cloyster,https://raw.githubusercontent.com/PokeAPI/sprites/master/sprites/pokemon/91.png,cloyster,1325,15,ice;water
92,Gastly,https://raw.githubusercontent.com/PokeAPI/sprites/master/sprites/pokemon/92.png,gastly,1,13,ghost;poison
93,Haunter,https://raw.githubusercontent.com/PokeAPI/sprites/master/sprites/pokemon/93.png,haunter,1,16,poison;ghost
69,Bellsprout,https://raw.githubusercontent.com/PokeAPI/sprites/master/sprites/pokemon/69.png,bellsprout,40,7,grass;poison
70,Weepinbell,https://raw.githubusercontent.com/PokeAPI/sprites/master/sprites/pokemon/70.png,weepinbell,64,10,grass;poison
71,Victreebel,https://raw.githubusercontent.com/PokeAPI/sprites/master/sprites/pokemon/71.png,victreebel,155,17,grass;poison
72,Tentacool,https://raw.githubusercontent.com/PokeAPI/sprites/master/sprites/pokemon/72.png,tentacool,455,9,water;poison
73,Tentacruel,https://raw.githubusercontent.com/PokeAPI/sprites/master/sprites/pokemon/73.png,tentacruel,550,16,poison;water
74,Geodude,https://raw.githubusercontent.com/PokeAPI/sprites/master/sprites/pokemon/74.png,geodude,200,4,rock;ground
75,Graveler,https://raw.githubusercontent.com/PokeAPI/sprites/master/sprites/pokemon/75.png,graveler,1050,10,rock;ground
94,Gengar,https://raw.githubusercontent.com/PokeAPI/sprites/master/sprites/pokemon/94.png,gengar,405,15,ghost;poison
95,Onix,https://raw.githubusercontent.com/PokeAPI/sprites/master/sprites/pokemon/95.png,onix,2100,88,rock;ground
96,Drowzee,https://raw.githubusercontent.com/PokeAPI/sprites/master/sprites/pokemon/96.png,drowzee,324,10,psychic
97,Hypno,https://raw.githubusercontent.com/PokeAPI/sprites/master/sprites/pokemon/97.png,hypno,756,16,psychic
98,Krabby,https://raw.githubusercontent.com/PokeAPI/sprites/master/sprites/pokemon/98.png,krabby,65,4,water
99,Kingler,https://raw.githubusercontent.com/PokeAPI/sprites/master/sprites/pokemon/99.png,kingler,600,13,water
100,Voltorb,https://raw.githubusercontent.com/PokeAPI/sprites/master/sprites/pokemon/100.png,voltorb,104,5,electric
101,Electrode,https://raw.githubusercontent.com/PokeAPI/sprites/master/sprites/pokemon/101.png,electrode,666,12,electric
102,Exeggcute,https://raw.githubusercontent.com/PokeAPI/sprites/master/sprites/pokemon/102.png,exeggcute,25,4,psychic;grass
110,Weezing,https://raw.githubusercontent.com/PokeAPI/sprites/master/sprites/pokemon/110.png,weezing,95,12,poison
111,Rhyhorn,https://raw.githubusercontent.com/PokeAPI/sprites/master/sprites/pokemon/111.png,rhyhorn,1150,10,rock;ground
112,Rhydon,https://raw.githubusercontent.com/PokeAPI/sprites/master/sprites/pokemon/112.png,rhydon,1200,19,ground;rock
113,Chansey,https://raw.githubusercontent.com/PokeAPI/sprites/master/sprites/pokemon/113.png,chansey,346,11,normal
114,Tangela,https://raw.githubusercontent.com/PokeAPI/sprites/master/sprites/pokemon/114.png,tangela,350,10,grass
115,Kangaskhan,https://raw.githubusercontent.com/PokeAPI/sprites/master/sprites/pokemon/115.png,kangaskhan,800,22,normal
116,Horsea,https://raw.githubusercontent.com/PokeAPI/sprites/master/sprites/pokemon/116.png,horsea,80,4,water
117,Seadra,https://raw.githubusercontent.com/PokeAPI/sprites/master/sprites/pokemon/117.png,seadra,250,12,water
118,Goldeen,https://raw.githubusercontent.com/PokeAPI/sprites/master/sprites/pokemon/118.png,goldeen,150,6,water
119,Seaking,https://raw.githubusercontent.com/PokeAPI/sprites/master/sprites/pokemon/119.png,seaking,390,13,water
120,Staryu,https://raw.githubusercontent.com/PokeAPI/sprites/master/sprites/pokemon/120.png,staryu,345,8,water
121,Starmie,https://raw.githubusercontent.com/PokeAPI/sprites/master/sprites/pokemon/121.png,starmie,800,11,water;psychic
122,Mr. Mime,https://raw.githubusercontent.com/PokeAPI/sprites/master/sprites/pokemon/122.png,mr-mime,545,13,psychic;fairy
123,Scyther,https://raw.githubusercontent.com/PokeAPI/sprites/master/sprites/pokemon/123.png,scyther,560,15,bug;flying
124,Jynx,https://raw.githubusercontent.com/PokeAPI/sprites/master/sprites/pokemon/124.png,jynx,406,14,ice;psychic
125,Electabuzz,https://raw.githubusercontent.com/PokeAPI/sprites/master/sprites/pokemon/125.png,electabuzz,300,11,electric
126,Magmar,https://raw.githubusercontent.com/PokeAPI/sprites/master/sprites/pokemon/126.png,magmar,445,13,fire
127,Pinsir,https://raw.githubusercontent.com/PokeAPI/sprites/master/sprites/pokemon/127.png,pinsir,550,15,bug
103,Exeggutor,https://raw.githubusercontent.com/PokeAPI/sprites/master/sprites/pokemon/103.png,exeggutor,1200,20,grass;psychic
104,Cubone,https://raw.githubusercontent.com/PokeAPI/sprites/master/sprites/pokemon/104.png,cubone,65,4,ground
105,Marowak,https://raw.githubusercontent.com/PokeAPI/sprites/master/sprites/pokemon/105.png,marowak,450,10,ground
106,Hitmonlee,https://raw.githubusercontent.com/PokeAPI/sprites/master/sprites/pokemon/106.png,hitmonlee,498,15,fighting
107,Hitmonchan,https://raw.githubusercontent.com/PokeAPI/sprites/master/sprites/pokemon/107.png,hitmonchan,502,14,fighting
108,Lickitung,https://raw.githubusercontent.com/PokeAPI/sprites/master/sprites/pokemon/108.png,lickitung,655,12,normal
109,Koffing,https://raw.githubusercontent.com/PokeAPI/sprites/master/sprites/pokemon/109.png,koffing,10,6,poison
128,Tauros,https://raw.githubusercontent.com/PokeAPI/sprites/master/sprites/pokemon/128.png,tauros,884,14,normal
129,Magikarp,https://raw.githubusercontent.com/PokeAPI/sprites/master/sprites/pokemon/129.png,magikarp,100,9,water
130,Gyarados,https://raw.githubusercontent.com/PokeAPI/sprites/master/sprites/pokemon/130.png,gyarados,2350,65,water;flying
131,Lapras,https://raw.githubusercontent.com/PokeAPI/sprites/master/sprites/pokemon/131.png,lapras,2200,25,water;ice
132,Ditto,https://raw.githubusercontent.com/PokeAPI/sprites/master/sprites/pokemon/132.png,ditto,40,3,normal
133,Eevee,https://raw.githubusercontent.com/PokeAPI/sprites/master/sprites/pokemon/133.png,eevee,65,3,normal
134,Vaporeon,https://raw.githubusercontent.com/PokeAPI/sprites/master/sprites/pokemon/134.png,vaporeon,290,10,water
135,Jolteon,https://raw.githubusercontent.com/PokeAPI/sprites/master/sprites/pokemon/135.png,jolteon,245,8,electric
136,Flareon,https://raw.githubusercontent.com/PokeAPI/sprites/master/sprites/pokemon/136.png,flareon,250,9,fire
144,Articuno,https://raw.githubusercontent.com/PokeAPI/sprites/master/sprites/pokemon/144.png,articuno,554,17,ice;flying
145,Zapdos,https://raw.githubusercontent.com/PokeAPI/sprites/master/sprites/pokemon/145.png,zapdos,526,16,electric;flying
146,Moltres,https://raw.githubusercontent.com/PokeAPI/sprites/master/sprites/pokemon/146.png,moltres,600,20,fire;flying
147,Dratini,https://raw.githubusercontent.com/PokeAPI/sprites/master/sprites/pokemon/147.png,dratini,33,18,dragon
148,Dragonair,https://raw.githubusercontent.com/PokeAPI/sprites/master/sprites/pokemon/148.png,dragonair,165,40,dragon
149,Dragonite,https://raw.githubusercontent.com/PokeAPI/sprites/master/sprites/pokemon/149.png,dragonite,2100,22,dragon;flying
150,Mewtwo,https://raw.githubusercontent.com/PokeAPI/sprites/master/sprites/pokemon/150.png,mewtwo,1220,20,psychic
151,Mew,https://raw.githubusercontent.com/PokeAPI/sprites/master/sprites/pokemon/151.png,mew,40,4,psychic
152,Chikorita,https://raw.githubusercontent.com/PokeAPI/sprites/master/sprites/pokemon/152.png,chikorita,64,9,grass
153,Bayleef,https://raw.githubusercontent.com/PokeAPI/sprites/master/sprites/pokemon/153.png,bayleef,158,12,grass
154,Meganium,https://raw.githubusercontent.com/PokeAPI/sprites/master/sprites/pokemon/154.png,meganium,1005,18,grass
155,Cyndaquil,https://raw.githubusercontent.com/PokeAPI/sprites/master/sprites/pokemon/155.png,cyndaquil,79,5,fire
156,Quilava,https://raw.githubusercontent.com/PokeAPI/sprites/master/sprites/pokemon/156.png,quilava,190,9,fire
157,Typhlosion,https://raw.githubusercontent.com/PokeAPI/sprites/master/sprites/pokemon/157.png,typhlosion,795,17,fire
158,Totodile,https://raw.githubusercontent.com/PokeAPI/sprites/master/sprites/pokemon/158.png,totodile,95,6,water
159,Croconaw,https://raw.githubusercontent.com/PokeAPI/sprites/master/sprites/pokemon/159.png,croconaw,250,11,water
160,Feraligatr,https://raw.githubusercontent.com/PokeAPI/sprites/master/sprites/pokemon/160.png,feraligatr,888,23,water
161,Sentret,https://raw.githubusercontent.com/PokeAPI/sprites/master/sprites/pokemon/161.png,sentret,60,8,normal
137,Porygon,https://raw.githubusercontent.com/PokeAPI/sprites/master/sprites/pokemon/137.png,porygon,365,8,normal
138,Omanyte,https://raw.githubusercontent.com/PokeAPI/sprites/master/sprites/pokemon/138.png,omanyte,75,4,rock;water
139,Omastar,https://raw.githubusercontent.com/PokeAPI/sprites/master/sprites/pokemon/139.png,omastar,350,10,rock;water
140,Kabuto,https://raw.githubusercontent.com/PokeAPI/sprites/master/sprites/pokemon/140.png,kabuto,115,5,rock;water
141,Kabutops,https://raw.githubusercontent.com/PokeAPI/sprites/master/sprites/pokemon/141.png,kabutops,405,13,rock;water
142,Aerodactyl,https://raw.githubusercontent.com/PokeAPI/sprites/master/sprites/pokemon/142.png,aerodactyl,590,18,rock;flying
143,Snorlax,https://raw.githubusercontent.com/PokeAPI/sprites/master/sprites/pokemon/143.png,snorlax,4600,21,normal
162,Furret,https://raw.githubusercontent.com/PokeAPI/sprites/master/sprites/pokemon/162.png,furret,325,18,normal
163,Hoothoot,https://raw.githubusercontent.com/PokeAPI/sprites/master/sprites/pokemon/163.png,hoothoot,212,7,normal;flying
164,Noctowl,https://raw.githubusercontent.com/PokeAPI/sprites/master/sprites/pokemon/164.png,noctowl,408,16,normal;flying
165,Ledyba,https://raw.githubusercontent.com/PokeAPI/sprites/master/sprites/pokemon/165.png,ledyba,108,10,bug;flying
166,Ledian,https://raw.githubusercontent.com/PokeAPI/sprites/master/sprites/pokemon/166.png,ledian,356,14,bug;flying
167,Spinarak,https://raw.githubusercontent.com/PokeAPI/sprites/master/sprites/pokemon/167.png,spinarak,85,5,bug;poison
168,Ariados,https://raw.githubusercontent.com/PokeAPI/sprites/master/sprites/pokemon/168.png,ariados,335,11,bug;poison
169,Crobat,https://raw.githubusercontent.com/PokeAPI/sprites/master/sprites/pokemon/169.png,crobat,750,18,flying;poison
170,Chinchou,https://raw.githubusercontent.com/PokeAPI/sprites/master/sprites/pokemon/170.png,chinchou,120,5,water;electric
178,Xatu,https://raw.githubusercontent.com/PokeAPI/sprites/master/sprites/pokemon/178.png,xatu,150,15,psychic;flying
179,Mareep,https://raw.githubusercontent.com/PokeAPI/sprites/master/sprites/pokemon/179.png,mareep,78,6,electric
180,Flaaffy,https://raw.githubusercontent.com/PokeAPI/sprites/master/sprites/pokemon/180.png,flaaffy,133,8,electric
181,Ampharos,https://raw.githubusercontent.com/PokeAPI/sprites/master/sprites/pokemon/181.png,ampharos,615,14,electric
182,Bellossom,https://raw.githubusercontent.com/PokeAPI/sprites/master/sprites/pokemon/182.png,bellossom,58,4,grass
183,Marill,https://raw.githubusercontent.com/PokeAPI/sprites/master/sprites/pokemon/183.png,marill,85,4,water;fairy
184,Azumarill,https://raw.githubusercontent.com/PokeAPI/sprites/master/sprites/pokemon/184.png,azumarill,285,8,water;fairy
185,Sudowoodo,https://raw.githubusercontent.com/PokeAPI/sprites/master/sprites/pokemon/185.png,sudowoodo,380,12,rock
186,Politoed,https://raw.githubusercontent.com/PokeAPI/sprites/master/sprites/pokemon/186.png,politoed,339,11,water
187,Hoppip,https://raw.githubusercontent.com/PokeAPI/sprites/master/sprites/pokemon/187.png,hoppip,5,4,grass;flying
188,Skiploom,https://raw.githubusercontent.com/PokeAPI/sprites/master/sprites/pokemon/188.png,skiploom,10,6,grass;flying
189,Jumpluff,https://raw.githubusercontent.com/PokeAPI/sprites/master/sprites/pokemon/189.png,jumpluff,30,8,grass;flying
190,Aipom,https://raw.githubusercontent.com/PokeAPI/sprites/master/sprites/pokemon/190.png,aipom,115,8,normal
191,Sunkern,https://raw.githubusercontent.com/PokeAPI/sprites/master/sprites/pokemon/191.png,sunkern,18,3,grass
192,Sunflora,https://raw.githubusercontent.com/PokeAPI/sprites/master/sprites/pokemon/192.png,sunflora,85,8,grass
193,Yanma,https://raw.githubusercontent.com/PokeAPI/sprites/master/sprites/pokemon/193.png,yanma,380,12,bug;flying
194,Wooper,https://raw.githubusercontent.com/PokeAPI/sprites/master/sprites/pokemon/194.png,wooper,85,4,water;ground
195,Quagsire,https://raw.githubusercontent.com/PokeAPI/sprites/master/sprites/pokemon/195.png,quagsire,750,14,water;ground
171,Lanturn,https://raw.githubusercontent.com/PokeAPI/sprites/master/sprites/pokemon/171.png,lanturn,225,12,water;electric
172,Pichu,https://raw.githubusercontent.com/PokeAPI/sprites/master/sprites/pokemon/172.png,pichu,20,3,electric
173,Cleffa,https://raw.githubusercontent.com/PokeAPI/sprites/master/sprites/pokemon/173.png,cleffa,30,3,fairy
174,Igglybuff,https://raw.githubusercontent.com/PokeAPI/sprites/master/sprites/pokemon/174.png,igglybuff,10,3,normal;fairy
175,Togepi,https://raw.githubusercontent.com/PokeAPI/sprites/master/sprites/pokemon/175.png,togepi,15,3,fairy
176,Togetic,https://raw.githubusercontent.com/PokeAPI/sprites/master/sprites/pokemon/176.png,togetic,32,6,fairy;flying
177,Natu,https://raw.githubusercontent.com/PokeAPI/sprites/master/sprites/pokemon/177.png,natu,20,2,psychic;flying
196,Espeon,https://raw.githubusercontent.com/PokeAPI/sprites/master/sprites/pokemon/196.png,espeon,265,9,psychic
197,Umbreon,https://raw.githubusercontent.com/PokeAPI/sprites/master/sprites/pokemon/197.png,umbreon,270,10,dark
198,Murkrow,https://raw.githubusercontent.com/PokeAPI/sprites/master/sprites/pokemon/198.png,murkrow,21,5,dark;flying
199,Slowking,https://raw.githubusercontent.com/PokeAPI/sprites/master/sprites/pokemon/199.png,slowking,795,20,water;psychic
200,Misdreavus,https://raw.githubusercontent.com/PokeAPI/sprites/master/sprites/pokemon/200.png,misdreavus,10,7,ghost
201,Unown,https://raw.githubusercontent.com/PokeAPI/sprites/master/sprites/pokemon/201.png,unown,50,5,psychic
202,Wobbuffet,https://raw.githubusercontent.com/PokeAPI/sprites/master/sprites/pokemon/202.png,wobbuffet,285,13,psychic
203,Girafarig,https://raw.githubusercontent.com/PokeAPI/sprites/master/sprites/pokemon/203.png,girafarig,415,15,normal;psychic
204,Pineco,https://raw.githubusercontent.com/PokeAPI/sprites/master/sprites/pokemon/204.png,pineco,72,6,bug
212,Scizor,https://raw.githubusercontent.com/PokeAPI/sprites/master/sprites/pokemon/212.png,scizor,1180,18,bug;steel
213,Shuckle,https://raw.githubusercontent.com/PokeAPI/sprites/master/sprites/pokemon/213.png,shuckle,205,6,bug;rock
214,Heracross,https://raw.githubusercontent.com/PokeAPI/sprites/master/sprites/pokemon/214.png,heracross,540,15,bug;fighting
215,Sneasel,https://raw.githubusercontent.com/PokeAPI/sprites/master/sprites/pokemon/215.png,sneasel,280,9,dark;ice
216,Teddiursa,https://raw.githubusercontent.com/PokeAPI/sprites/master/sprites/pokemon/216.png,teddiursa,88,6,normal
217,Ursaring,https://raw.githubusercontent.com/PokeAPI/sprites/master/sprites/pokemon/217.png,ursaring,1258,18,normal
218,Slugma,https://raw.githubusercontent.com/PokeAPI/sprites/master/sprites/pokemon/218.png,slugma,350,7,fire
219,Magcargo,https://raw.githubusercontent.com/PokeAPI/sprites/master/sprites/pokemon/219.png,magcargo,550,8,fire;rock
220,Swinub,https://raw.githubusercontent.com/PokeAPI/sprites/master/sprites/pokemon/220.png,swinub,65,4,ice;ground
221,Piloswine,https://raw.githubusercontent.com/PokeAPI/sprites/master/sprites/pokemon/221.png,piloswine,558,11,ice;ground
222,Corsola,https://raw.githubusercontent.com/PokeAPI/sprites/master/sprites/pokemon/222.png,corsola,50,6,water;rock
223,Remoraid,https://raw.githubusercontent.com/PokeAPI/sprites/master/sprites/pokemon/223.png,remoraid,120,6,water
224,Octillery,https://raw.githubusercontent.com/PokeAPI/sprites/master/sprites/pokemon/224.png,octillery,285,9,water
225,Delibird,https://raw.githubusercontent.com/PokeAPI/sprites/master/sprites/pokemon/225.png,delibird,160,9,flying;ice
226,Mantine,https://raw.githubusercontent.com/PokeAPI/sprites/master/sprites/pokemon/226.png,mantine,2200,21,water;flying
227,Skarmory,https://raw.githubusercontent.com/PokeAPI/sprites/master/sprites/pokemon/227.png,skarmory,505,17,steel;flying
228,Houndour,https://raw.githubusercontent.com/PokeAPI/sprites/master/sprites/pokemon/228.png,houndour,108,6,dark;fire
229,Houndoom,https://raw.githubusercontent.com/PokeAPI/sprites/master/sprites/pokemon/229.png,houndoom,350,14,dark;fire
205,Forretress,https://raw.githubusercontent.com/PokeAPI/sprites/master/sprites/pokemon/205.png,forretress,1258,12,bug;steel
206,Dunsparce,https://raw.githubusercontent.com/PokeAPI/sprites/master/sprites/pokemon/206.png,dunsparce,140,15,normal
207,Gligar,https://raw.githubusercontent.com/PokeAPI/sprites/master/sprites/pokemon/207.png,gligar,648,11,ground;flying
208,Steelix,https://raw.githubusercontent.com/PokeAPI/sprites/master/sprites/pokemon/208.png,steelix,4000,92,steel;ground
209,Snubbull,https://raw.githubusercontent.com/PokeAPI/sprites/master/sprites/pokemon/209.png,snubbull,78,6,fairy
210,Granbull,https://raw.githubusercontent.com/PokeAPI/sprites/master/sprites/pokemon/210.png,granbull,487,14,fairy
211,Qwilfish,https://raw.githubusercontent.com/PokeAPI/sprites/master/sprites/pokemon/211.png,qwilfish,39,5,water;poison
230,Kingdra,https://raw.githubusercontent.com/PokeAPI/sprites/master/sprites/pokemon/230.png,kingdra,1520,18,water;dragon
231,Phanpy,https://raw.githubusercontent.com/PokeAPI/sprites/master/sprites/pokemon/231.png,phanpy,335,5,ground
232,Donphan,https://raw.githubusercontent.com/PokeAPI/sprites/master/sprites/pokemon/232.png,donphan,1200,11,ground
233,Porygon2,https://raw.githubusercontent.com/PokeAPI/sprites/master/sprites/pokemon/233.png,porygon2,325,6,normal
234,Stantler,https://raw.githubusercontent.com/PokeAPI/sprites/master/sprites/pokemon/234.png,stantler,712,14,normal
235,Smeargle,https://raw.githubusercontent.com/PokeAPI/sprites/master/sprites/pokemon/235.png,smeargle,580,12,normal
236,Tyrogue,https://raw.githubusercontent.com/PokeAPI/sprites/master/sprites/pokemon/236.png,tyrogue,210,7,fighting
237,Hitmontop,https://raw.githubusercontent.com/PokeAPI/sprites/master/sprites/pokemon/237.png,hitmontop,480,14,fighting
238,Smoochum,https://raw.githubusercontent.com/PokeAPI/sprites/master/sprites/pokemon/238.png,smoochum,60,4,ice;psychic
246,Larvitar,https://raw.githubusercontent.com/PokeAPI/sprites/master/sprites/pokemon/246.png,larvitar,720,6,rock;ground
247,Pupitar,https://raw.githubusercontent.com/PokeAPI/sprites/master/sprites/pokemon/247.png,pupitar,1520,12,rock;ground
248,Tyranitar,https://raw.githubusercontent.com/PokeAPI/sprites/master/sprites/pokemon/248.png,tyranitar,2020,20,rock;dark
249,Lugia,https://raw.githubusercontent.com/PokeAPI/sprites/master/sprites/pokemon/249.png,lugia,2160,52,psychic;flying
250,Ho-Oh,https://raw.githubusercontent.com/PokeAPI/sprites/master/sprites/pokemon/250.png,ho-oh,1990,38,flying;fire
251,Celebi,https://raw.githubusercontent.com/PokeAPI/sprites/master/sprites/pokemon/251.png,celebi,50,6,psychic;grass
252,Treecko,https://raw.githubusercontent.com/PokeAPI/sprites/master/sprites/pokemon/252.png,treecko,50,5,grass
253,Grovyle,https://raw.githubusercontent.com/PokeAPI/sprites/master/sprites/pokemon/253.png,grovyle,216,9,grass
254,Sceptile,https://raw.githubusercontent.com/PokeAPI/sprites/master/sprites/pokemon/254.png,sceptile,522,17,grass
255,Torchic,https://raw.githubusercontent.com/PokeAPI/sprites/master/sprites/pokemon/255.png,torchic,25,4,fire
256,Combusken,https://raw.githubusercontent.com/PokeAPI/sprites/master/sprites/pokemon/256.png,combusken,195,9,fire;fighting
257,Blaziken,https://raw.githubusercontent.com/PokeAPI/sprites/master/sprites/pokemon/257.png,blaziken,520,19,fire;fighting
258,Mudkip,https://raw.githubusercontent.com/PokeAPI/sprites/master/sprites/pokemon/258.png,mudkip,76,4,water
259,Marshtomp,https://raw.githubusercontent.com/PokeAPI/sprites/master/sprites/pokemon/259.png,marshtomp,280,7,water;ground
260,Swampert,https://raw.githubusercontent.com/PokeAPI/sprites/master/sprites/pokemon/260.png,swampert,819,15,water;ground
261,Poochyena,https://raw.githubusercontent.com/PokeAPI/sprites/master/sprites/pokemon/261.png,poochyena,136,5,dark
262,Mightyena,https://raw.githubusercontent.com/PokeAPI/sprites/master/sprites/pokemon/262.png,mightyena,370,10,dark
263,Zigzagoon,https://raw.githubusercontent.com/PokeAPI/sprites/master/sprites/pokemon/263.png,zigzagoon,175,4,normal
239,Elekid,https://raw.githubusercontent.com/PokeAPI/sprites/master/sprites/pokemon/239.png,elekid,235,6,electric
240,Magby,https://raw.githubusercontent.com/PokeAPI/sprites/master/sprites/pokemon/240.png,magby,214,7,fire
241,Miltank,https://raw.githubusercontent.com/PokeAPI/sprites/master/sprites/pokemon/241.png,miltank,755,12,normal
242,Blissey,https://raw.githubusercontent.com/PokeAPI/sprites/master/sprites/pokemon/242.png,blissey,468,15,normal
243,Raikou,https://raw.githubusercontent.com/PokeAPI/sprites/master/sprites/pokemon/243.png,raikou,1780,19,electric
244,Entei,https://raw.githubusercontent.com/PokeAPI/sprites/master/sprites/pokemon/244.png,entei,1980,21,fire
245,Suicune,https://raw.githubusercontent.com/PokeAPI/sprites/master/sprites/pokemon/245.png,suicune,1870,20,water
264,Linoone,https://raw.githubusercontent.com/PokeAPI/sprites/master/sprites/pokemon/264.png,linoone,325,5,normal
265,Wurmple,https://raw.githubusercontent.com/PokeAPI/sprites/master/sprites/pokemon/265.png,wurmple,36,3,bug
266,Silcoon,https://raw.githubusercontent.com/PokeAPI/sprites/master/sprites/pokemon/266.png,silcoon,100,6,bug
267,Beautifly,https://raw.githubusercontent.com/PokeAPI/sprites/master/sprites/pokemon/267.png,beautifly,284,10,bug;flying
268,Cascoon,https://raw.githubusercontent.com/PokeAPI/sprites/master/sprites/pokemon/268.png,cascoon,115,7,bug
269,Dustox,https://raw.githubusercontent.com/PokeAPI/sprites/master/sprites/pokemon/269.png,dustox,316,12,bug;poison
270,Lotad,https://raw.githubusercontent.com/PokeAPI/sprites/master/sprites/pokemon/270.png,lotad,26,5,grass;water
271,Lombre,https://raw.githubusercontent.com/PokeAPI/sprites/master/sprites/pokemon/271.png,lombre,325,12,water;grass
272,Ludicolo,https://raw.githubusercontent.com/PokeAPI/sprites/master/sprites/pokemon/272.png,ludicolo,550,15,water;grass
280,Ralts,https://raw.githubusercontent.com/PokeAPI/sprites/master/sprites/pokemon/280.png,ralts,66,4,psychic;fairy
281,Kirlia,https://raw.githubusercontent.com/PokeAPI/sprites/master/sprites/pokemon/281.png,kirlia,202,8,psychic;fairy
282,Gardevoir,https://raw.githubusercontent.com/PokeAPI/sprites/master/sprites/pokemon/282.png,gardevoir,484,16,psychic;fairy
283,Surskit,https://raw.githubusercontent.com/PokeAPI/sprites/master/sprites/pokemon/283.png,surskit,17,5,bug;water
284,Masquerain,https://raw.githubusercontent.com/PokeAPI/sprites/master/sprites/pokemon/284.png,masquerain,36,8,bug;flying
285,Shroomish,https://raw.githubusercontent.com/PokeAPI/sprites/master/sprites/pokemon/285.png,shroomish,45,4,grass
286,Breloom,https://raw.githubusercontent.com/PokeAPI/sprites/master/sprites/pokemon/286.png,breloom,392,12,grass;fighting
287,Slakoth,https://raw.githubusercontent.com/PokeAPI/sprites/master/sprites/pokemon/287.png,slakoth,240,8,normal
288,Vigoroth,https://raw.githubusercontent.com/PokeAPI/sprites/master/sprites/pokemon/288.png,vigoroth,465,14,normal
289,Slaking,https://raw.githubusercontent.com/PokeAPI/sprites/master/sprites/pokemon/289.png,slaking,1305,20,normal
290,Nincada,https://raw.githubusercontent.com/PokeAPI/sprites/master/sprites/pokemon/290.png,nincada,55,5,ground;bug
291,Ninjask,https://raw.githubusercontent.com/PokeAPI/sprites/master/sprites/pokemon/291.png,ninjask,120,8,bug;flying
292,Shedinja,https://raw.githubusercontent.com/PokeAPI/sprites/master/sprites/pokemon/292.png,shedinja,12,8,bug;ghost
293,Whismur,https://raw.githubusercontent.com/PokeAPI/sprites/master/sprites/pokemon/293.png,whismur,163,6,normal
294,Loudred,https://raw.githubusercontent.com/PokeAPI/sprites/master/sprites/pokemon/294.png,loudred,405,10,normal
295,Exploud,https://raw.githubusercontent.com/PokeAPI/sprites/master/sprites/pokemon/295.png,exploud,840,15,normal
296,Makuhita,https://raw.githubusercontent.com/PokeAPI/sprites/master/sprites/pokemon/296.png,makuhita,864,10,fighting
297,Hariyama,https://raw.githubusercontent.com/PokeAPI/sprites/master/sprites/pokemon/297.png,hariyama,2538,23,fighting
273,Seedot,https://raw.githubusercontent.com/PokeAPI/sprites/master/sprites/pokemon/273.png,seedot,40,5,grass
274,Nuzleaf,https://raw.githubusercontent.com/PokeAPI/sprites/master/sprites/pokemon/274.png,nuzleaf,280,10,grass;dark
275,Shiftry,https://raw.githubusercontent.com/PokeAPI/sprites/master/sprites/pokemon/275.png,shiftry,596,13,grass;dark
276,Taillow,https://raw.githubusercontent.com/PokeAPI/sprites/master/sprites/pokemon/276.png,taillow,23,3,normal;flying
277,Swellow,https://raw.githubusercontent.com/PokeAPI/sprites/master/sprites/pokemon/277.png,swellow,198,7,normal;flying
278,Wingull,https://raw.githubusercontent.com/PokeAPI/sprites/master/sprites/pokemon/278.png,wingull,95,6,water;flying
279,Pelipper,https://raw.githubusercontent.com/PokeAPI/sprites/master/sprites/pokemon/279.png,pelipper,280,12,water;flying
298,Azurill,https://raw.githubusercontent.com/PokeAPI/sprites/master/sprites/pokemon/298.png,azurill,20,2,normal;fairy
299,Nosepass,https://raw.githubusercontent.com/PokeAPI/sprites/master/sprites/pokemon/299.png,nosepass,970,10,rock
300,Skitty,https://raw.githubusercontent.com/PokeAPI/sprites/master/sprites/pokemon/300.png,skitty,110,6,normal
301,Delcatty,https://raw.githubusercontent.com/PokeAPI/sprites/master/sprites/pokemon/301.png,delcatty,326,11,normal
302,Sableye,https://raw.githubusercontent.com/PokeAPI/sprites/master/sprites/pokemon/302.png,sableye,110,5,dark;ghost
303,Mawile,https://raw.githubusercontent.com/PokeAPI/sprites/master/sprites/pokemon/303.png,mawile,115,6,steel;fairy
304,Aron,https://raw.githubusercontent.com/PokeAPI/sprites/master/sprites/pokemon/304.png,aron,600,4,steel;rock
305,Lairon,https://raw.githubusercontent.com/PokeAPI/sprites/master/sprites/pokemon/305.png,lairon,1200,9,steel;rock
306,Aggron,https://raw.githubusercontent.com/PokeAPI/sprites/master/sprites/pokemon/306.png,aggron,3600,21,rock;steel
314,Illumise,https://raw.githubusercontent.com/PokeAPI/sprites/master/sprites/pokemon/314.png,illumise,177,6,bug
315,Roselia,https://raw.githubusercontent.com/PokeAPI/sprites/master/sprites/pokemon/315.png,roselia,20,3,grass;poison
316,Gulpin,https://raw.githubusercontent.com/PokeAPI/sprites/master/sprites/pokemon/316.png,gulpin,103,4,poison
317,Swalot,https://raw.githubusercontent.com/PokeAPI/sprites/master/sprites/pokemon/317.png,swalot,800,17,poison
318,Carvanha,https://raw.githubusercontent.com/PokeAPI/sprites/master/sprites/pokemon/318.png,carvanha,208,8,water;dark
319,Sharpedo,https://raw.githubusercontent.com/PokeAPI/sprites/master/sprites/pokemon/319.png,sharpedo,888,18,dark;water
320,Wailmer,https://raw.githubusercontent.com/PokeAPI/sprites/master/sprites/pokemon/320.png,wailmer,1300,20,water
321,Wailord,https://raw.githubusercontent.com/PokeAPI/sprites/master/sprites/pokemon/321.png,wailord,3980,145,water
322,Numel,https://raw.githubusercontent.com/PokeAPI/sprites/master/sprites/pokemon/322.png,numel,240,7,fire;ground
323,Camerupt,https://raw.githubusercontent.com/PokeAPI/sprites/master/sprites/pokemon/323.png,camerupt,2200,19,fire;ground
324,Torkoal,https://raw.githubusercontent.com/PokeAPI/sprites/master/sprites/pokemon/324.png,torkoal,804,5,fire
325,Spoink,https://raw.githubusercontent.com/PokeAPI/sprites/master/sprites/pokemon/325.png,spoink,306,7,psychic
326,Grumpig,https://raw.githubusercontent.com/PokeAPI/sprites/master/sprites/pokemon/326.png,grumpig,715,9,psychic
327,Spinda,https://raw.githubusercontent.com/PokeAPI/sprites/master/sprites/pokemon/327.png,spinda,50,11,normal
328,Trapinch,https://raw.githubusercontent.com/PokeAPI/sprites/master/sprites/pokemon/328.png,trapinch,150,7,ground
329,Vibrava,https://raw.githubusercontent.com/PokeAPI/sprites/master/sprites/pokemon/329.png,vibrava,153,11,dragon;ground
330,Flygon,https://raw.githubusercontent.com/PokeAPI/sprites/master/sprites/pokemon/330.png,flygon,820,20,ground;dragon
331,Cacnea,https://raw.githubusercontent.com/PokeAPI/sprites/master/sprites/pokemon/331.png,cacnea,513,4,grass
307,Meditite,https://raw.githubusercontent.com/PokeAPI/sprites/master/sprites/pokemon/307.png,meditite,112,6,fighting;psychic
308,Medicham,https://raw.githubusercontent.com/PokeAPI/sprites/master/sprites/pokemon/308.png,medicham,315,13,fighting;psychic
309,Electrike,https://raw.githubusercontent.com/PokeAPI/sprites/master/sprites/pokemon/309.png,electrike,152,6,electric
310,Manectric,https://raw.githubusercontent.com/PokeAPI/sprites/master/sprites/pokemon/310.png,manectric,402,15,electric
311,Plusle,https://raw.githubusercontent.com/PokeAPI/sprites/master/sprites/pokemon/311.png,plusle,42,4,electric
312,Minun,https://raw.githubusercontent.com/PokeAPI/sprites/master/sprites/pokemon/312.png,minun,42,4,electric
313,Volbeat,https://raw.githubusercontent.com/PokeAPI/sprites/master/sprites/pokemon/313.png,volbeat,177,7,bug
332,Cacturne,https://raw.githubusercontent.com/PokeAPI/sprites/master/sprites/pokemon/332.png,cacturne,774,13,grass;dark
333,Swablu,https://raw.githubusercontent.com/PokeAPI/sprites/master/sprites/pokemon/333.png,swablu,12,4,normal;flying
334,Altaria,https://raw.githubusercontent.com/PokeAPI/sprites/master/sprites/pokemon/334.png,altaria,206,11,dragon;flying
335,Zangoose,https://raw.githubusercontent.com/PokeAPI/sprites/master/sprites/pokemon/335.png,zangoose,403,13,normal
336,Seviper,https://raw.githubusercontent.com/PokeAPI/sprites/master/sprites/pokemon/336.png,seviper,525,27,poison
337,Lunatone,https://raw.githubusercontent.com/PokeAPI/sprites/master/sprites/pokemon/337.png,lunatone,1680,10,rock;psychic
338,Solrock,https://raw.githubusercontent.com/PokeAPI/sprites/master/sprites/pokemon/338.png,solrock,1540,12,rock;psychic
339,Barboach,https://raw.githubusercontent.com/PokeAPI/sprites/master/sprites/pokemon/339.png,barboach,19,4,water;ground
340,Whiscash,https://raw.githubusercontent.com/PokeAPI/sprites/master/sprites/pokemon/340.png,whiscash,236,9,ground;water
348,Armaldo,https://raw.githubusercontent.com/PokeAPI/sprites/master/sprites/pokemon/348.png,armaldo,682,15,rock;bug
349,Feebas,https://raw.githubusercontent.com/PokeAPI/sprites/master/sprites/pokemon/349.png,feebas,74,6,water
350,Milotic,https://raw.githubusercontent.com/PokeAPI/sprites/master/sprites/pokemon/350.png,milotic,1620,62,water
351,Castform,https://raw.githubusercontent.com/PokeAPI/sprites/master/sprites/pokemon/351.png,castform,8,3,normal
352,Kecleon,https://raw.githubusercontent.com/PokeAPI/sprites/master/sprites/pokemon/352.png,kecleon,220,10,normal
353,Shuppet,https://raw.githubusercontent.com/PokeAPI/sprites/master/sprites/pokemon/353.png,shuppet,23,6,ghost
354,Banette,https://raw.githubusercontent.com/PokeAPI/sprites/master/sprites/pokemon/354.png,banette,125,11,ghost
355,Duskull,https://raw.githubusercontent.com/PokeAPI/sprites/master/sprites/pokemon/355.png,duskull,150,8,ghost
356,Dusclops,https://raw.githubusercontent.com/PokeAPI/sprites/master/sprites/pokemon/356.png,dusclops,306,16,ghost
357,Tropius,https://raw.githubusercontent.com/PokeAPI/sprites/master/sprites/pokemon/357.png,tropius,1000,20,grass;flying
358,Chimecho,https://raw.githubusercontent.com/PokeAPI/sprites/master/sprites/pokemon/358.png,chimecho,10,6,psychic
359,Absol,https://raw.githubusercontent.com/PokeAPI/sprites/master/sprites/pokemon/359.png,absol,470,12,dark
360,Wynaut,https://raw.githubusercontent.com/PokeAPI/sprites/master/sprites/pokemon/360.png,wynaut,140,6,psychic
361,Snorunt,https://raw.githubusercontent.com/PokeAPI/sprites/master/sprites/pokemon/361.png,snorunt,168,7,ice
362,Glalie,https://raw.githubusercontent.com/PokeAPI/sprites/master/sprites/pokemon/362.png,glalie,2565,15,ice
363,Spheal,https://raw.githubusercontent.com/PokeAPI/sprites/master/sprites/pokemon/363.png,spheal,395,8,ice;water
364,Sealeo,https://raw.githubusercontent.com/PokeAPI/sprites/master/sprites/pokemon/364.png,sealeo,876,11,ice;water
365,Walrein,https://raw.githubusercontent.com/PokeAPI/sprites/master/sprites/pokemon/365.png,walrein,1506,14,ice;water
341,Corphish,https://raw.githubusercontent.com/PokeAPI/sprites/master/sprites/pokemon/341.png,corphish,115,6,water
342,Crawdaunt,https://raw.githubusercontent.com/PokeAPI/sprites/master/sprites/pokemon/342.png,crawdaunt,328,11,water;dark
343,Baltoy,https://raw.githubusercontent.com/PokeAPI/sprites/master/sprites/pokemon/343.png,baltoy,215,5,ground;psychic
344,Claydol,https://raw.githubusercontent.com/PokeAPI/sprites/master/sprites/pokemon/344.png,claydol,1080,15,ground;psychic
345,Lileep,https://raw.githubusercontent.com/PokeAPI/sprites/master/sprites/pokemon/345.png,lileep,238,10,rock;grass
346,Cradily,https://raw.githubusercontent.com/PokeAPI/sprites/master/sprites/pokemon/346.png,cradily,604,15,rock;grass
347,Anorith,https://raw.githubusercontent.com/PokeAPI/sprites/master/sprites/pokemon/347.png,anorith,125,7,rock;bug
366,Clamperl,https://raw.githubusercontent.com/PokeAPI/sprites/master/sprites/pokemon/366.png,clamperl,525,4,water
367,Huntail,https://raw.githubusercontent.com/PokeAPI/sprites/master/sprites/pokemon/367.png,huntail,270,17,water
368,Gorebyss,https://raw.githubusercontent.com/PokeAPI/sprites/master/sprites/pokemon/368.png,gorebyss,226,18,water
369,Relicanth,https://raw.githubusercontent.com/PokeAPI/sprites/master/sprites/pokemon/369.png,relicanth,234,10,water;rock
370,Luvdisc,https://raw.githubusercontent.com/PokeAPI/sprites/master/sprites/pokemon/370.png,luvdisc,87,6,water
371,Bagon,https://raw.githubusercontent.com/PokeAPI/sprites/master/sprites/pokemon/371.png,bagon,421,6,dragon
372,Shelgon,https://raw.githubusercontent.com/PokeAPI/sprites/master/sprites/pokemon/372.png,shelgon,1105,11,dragon
373,Salamence,https://raw.githubusercontent.com/PokeAPI/sprites/master/sprites/pokemon/373.png,salamence,1026,15,dragon;flying
374,Beldum,https://raw.githubusercontent.com/PokeAPI/sprites/master/sprites/pokemon/374.png,beldum,952,6,steel;psychic
382,Kyogre,https://raw.githubusercontent.com/PokeAPI/sprites/master/sprites/pokemon/382.png,kyogre,3520,45,water
383,Groudon,https://raw.githubusercontent.com/PokeAPI/sprites/master/sprites/pokemon/383.png,groudon,9500,35,ground
384,Rayquaza,https://raw.githubusercontent.com/PokeAPI/sprites/master/sprites/pokemon/384.png,rayquaza,2065,70,dragon;flying
385,Jirachi,https://raw.githubusercontent.com/PokeAPI/sprites/master/sprites/pokemon/385.png,jirachi,11,3,steel;psychic
386,Deoxys,https://raw.githubusercontent.com/PokeAPI/sprites/master/sprites/pokemon/386.png,deoxys-normal,608,17,psychic
387,Turtwig,https://raw.githubusercontent.com/PokeAPI/sprites/master/sprites/pokemon/387.png,turtwig,102,4,grass
388,Grotle,https://raw.githubusercontent.com/PokeAPI/sprites/master/sprites/pokemon/388.png,grotle,970,11,grass
389,Torterra,https://raw.githubusercontent.com/PokeAPI/sprites/master/sprites/pokemon/389.png,torterra,3100,22,grass;ground
390,Chimchar,https://raw.githubusercontent.com/PokeAPI/sprites/master/sprites/pokemon/390.png,chimchar,62,5,fire
391,Monferno,https://raw.githubusercontent.com/PokeAPI/sprites/master/sprites/pokemon/391.png,monferno,220,9,fire;fighting
392,Infernape,https://raw.githubusercontent.com/PokeAPI/sprites/master/sprites/pokemon/392.png,infernape,550,12,fighting;fire
393,Piplup,https://raw.githubusercontent.com/PokeAPI/sprites/master/sprites/pokemon/393.png,piplup,52,4,water
394,Prinplup,https://raw.githubusercontent.com/PokeAPI/sprites/master/sprites/pokemon/394.png,prinplup,230,8,water
395,Empoleon,https://raw.githubusercontent.com/PokeAPI/sprites/master/sprites/pokemon/395.png,empoleon,845,17,water;steel
396,Starly,https://raw.githubusercontent.com/PokeAPI/sprites/master/sprites/pokemon/396.png,starly,20,3,normal;flying
397,Staravia,https://raw.githubusercontent.com/PokeAPI/sprites/master/sprites/pokemon/397.png,staravia,155,6,normal;flying
398,Staraptor,https://raw.githubusercontent.com/PokeAPI/sprites/master/sprites/pokemon/398.png,staraptor,249,12,normal;flying
399,Bidoof,https://raw.githubusercontent.com/PokeAPI/sprites/master/sprites/pokemon/399.png,bidoof,200,5,normal
375,Metang,https://raw.githubusercontent.com/PokeAPI/sprites/master/sprites/pokemon/375.png,metang,2025,12,steel;psychic
376,Metagross,https://raw.githubusercontent.com/PokeAPI/sprites/master/sprites/pokemon/376.png,metagross,5500,16,steel;psychic
377,Regirock,https://raw.githubusercontent.com/PokeAPI/sprites/master/sprites/pokemon/377.png,regirock,2300,17,rock
378,Regice,https://raw.githubusercontent.com/PokeAPI/sprites/master/sprites/pokemon/378.png,regice,1750,18,ice
379,Registeel,https://raw.githubusercontent.com/PokeAPI/sprites/master/sprites/pokemon/379.png,registeel,2050,19,steel
380,Latias,https://raw.githubusercontent.com/PokeAPI/sprites/master/sprites/pokemon/380.png,latias,400,14,dragon;psychic
381,Latios,https://raw.githubusercontent.com/PokeAPI/sprites/master/sprites/pokemon/381.png,latios,600,20,dragon;psychic
400,Bibarel,https://raw.githubusercontent.com/PokeAPI/sprites/master/sprites/pokemon/400.png,bibarel,315,10,normal;water
401,Kricketot,https://raw.githubusercontent.com/PokeAPI/sprites/master/sprites/pokemon/401.png,kricketot,22,3,bug
402,Kricketune,https://raw.githubusercontent.com/PokeAPI/sprites/master/sprites/pokemon/402.png,kricketune,255,10,bug
403,Shinx,https://raw.githubusercontent.com/PokeAPI/sprites/master/sprites/pokemon/403.png,shinx,95,5,electric
404,Luxio,https://raw.githubusercontent.com/PokeAPI/sprites/master/sprites/pokemon/404.png,luxio,305,9,electric
405,Luxray,https://raw.githubusercontent.com/PokeAPI/sprites/master/sprites/pokemon/405.png,luxray,420,14,electric
406,Budew,https://raw.githubusercontent.com/PokeAPI/sprites/master/sprites/pokemon/406.png,budew,12,2,grass;poison
407,Roserade,https://raw.githubusercontent.com/PokeAPI/sprites/master/sprites/pokemon/407.png,roserade,145,9,grass;poison
408,Cranidos,https://raw.githubusercontent.com/PokeAPI/sprites/master/sprites/pokemon/408.png,cranidos,315,9,rock
416,Vespiquen,https://raw.githubusercontent.com/PokeAPI/sprites/master/sprites/pokemon/416.png,vespiquen,385,12,bug;flying
417,Pachirisu,https://raw.githubusercontent.com/PokeAPI/sprites/master/sprites/pokemon/417.png,pachirisu,39,4,electric
418,Buizel,https://raw.githubusercontent.com/PokeAPI/sprites/master/sprites/pokemon/418.png,buizel,295,7,water
419,Floatzel,https://raw.githubusercontent.com/PokeAPI/sprites/master/sprites/pokemon/419.png,floatzel,335,11,water
420,Cherubi,https://raw.githubusercontent.com/PokeAPI/sprites/master/sprites/pokemon/420.png,cherubi,33,4,grass
421,Cherrim,https://raw.githubusercontent.com/PokeAPI/sprites/master/sprites/pokemon/421.png,cherrim,93,5,grass
422,Shellos,https://raw.githubusercontent.com/PokeAPI/sprites/master/sprites/pokemon/422.png,shellos,63,3,water
423,Gastrodon,https://raw.githubusercontent.com/PokeAPI/sprites/master/sprites/pokemon/423.png,gastrodon,299,9,water;ground
424,Ambipom,https://raw.githubusercontent.com/PokeAPI/sprites/master/sprites/pokemon/424.png,ambipom,203,12,normal
425,Drifloon,https://raw.githubusercontent.com/PokeAPI/sprites/master/sprites/pokemon/425.png,drifloon,12,4,flying;ghost
426,Drifblim,https://raw.githubusercontent.com/PokeAPI/sprites/master/sprites/pokemon/426.png,drifblim,150,12,flying;ghost
427,Buneary,https://raw.githubusercontent.com/PokeAPI/sprites/master/sprites/pokemon/427.png,buneary,55,4,normal
428,Lopunny,https://raw.githubusercontent.com/PokeAPI/sprites/master/sprites/pokemon/428.png,lopunny,333,12,normal
429,Mismagius,https://raw.githubusercontent.com/PokeAPI/sprites/master/sprites/pokemon/429.png,mismagius,44,9,ghost
430,Honchkrow,https://raw.githubusercontent.com/PokeAPI/sprites/master/sprites/pokemon/430.png,honchkrow,273,9,dark;flying
431,Glameow,https://raw.githubusercontent.com/PokeAPI/sprites/master/sprites/pokemon/431.png,glameow,39,5,normal
432,Purugly,https://raw.githubusercontent.com/PokeAPI/sprites/master/sprites/pokemon/432.png,purugly,438,10,normal
433,Chingling,https://raw.githubusercontent.com/PokeAPI/sprites/master/sprites/pokemon/433.png,chingling,6,2,psychic
409,Rampardos,https://raw.githubusercontent.com/PokeAPI/sprites/master/sprites/pokemon/409.png,rampardos,1025,16,rock
410,Shieldon,https://raw.githubusercontent.com/PokeAPI/sprites/master/sprites/pokemon/410.png,shieldon,570,5,rock;steel
411,Bastiodon,https://raw.githubusercontent.com/PokeAPI/sprites/master/sprites/pokemon/411.png,bastiodon,1495,13,rock;steel
412,Burmy,https://raw.githubusercontent.com/PokeAPI/sprites/master/sprites/pokemon/412.png,burmy,34,2,bug
413,Wormadam,https://raw.githubusercontent.com/PokeAPI/sprites/master/sprites/pokemon/413.png,wormadam-plant,65,5,bug;grass
414,Mothim,https://raw.githubusercontent.com/PokeAPI/sprites/master/sprites/pokemon/414.png,mothim,233,9,bug;flying
415,Combee,https://raw.githubusercontent.com/PokeAPI/sprites/master/sprites/pokemon/415.png,combee,55,3,bug;flying
434,Stunky,https://raw.githubusercontent.com/PokeAPI/sprites/master/sprites/pokemon/434.png,stunky,192,4,poison;dark
435,Skuntank,https://raw.githubusercontent.com/PokeAPI/sprites/master/sprites/pokemon/435.png,skuntank,380,10,poison;dark
436,Bronzor,https://raw.githubusercontent.com/PokeAPI/sprites/master/sprites/pokemon/436.png,bronzor,605,5,steel;psychic
437,Bronzong,https://raw.githubusercontent.com/PokeAPI/sprites/master/sprites/pokemon/437.png,bronzong,1870,13,psychic;steel
438,Bonsly,https://raw.githubusercontent.com/PokeAPI/sprites/master/sprites/pokemon/438.png,bonsly,150,5,rock
439,Mime Jr.,https://raw.githubusercontent.com/PokeAPI/sprites/master/sprites/pokemon/439.png,mime-jr,130,6,fairy;psychic
440,Happiny,https://raw.githubusercontent.com/PokeAPI/sprites/master/sprites/pokemon/440.png,happiny,244,6,normal
441,Chatot,https://raw.githubusercontent.com/PokeAPI/sprites/master/sprites/pokemon/441.png,chatot,19,5,normal;flying
442,Spiritomb,https://raw.githubusercontent.com/PokeAPI/sprites/master/sprites/pokemon/442.png,spiritomb,1080,10,ghost;dark
450,Hippowdon,https://raw.githubusercontent.com/PokeAPI/sprites/master/sprites/pokemon/450.png,hippowdon,3000,20,ground
451,Skorupi,https://raw.githubusercontent.com/PokeAPI/sprites/master/sprites/pokemon/451.png,skorupi,120,8,poison;bug
452,Drapion,https://raw.githubusercontent.com/PokeAPI/sprites/master/sprites/pokemon/452.png,drapion,615,13,poison;dark
453,Croagunk,https://raw.githubusercontent.com/PokeAPI/sprites/master/sprites/pokemon/453.png,croagunk,230,7,poison;fighting
454,Toxicroak,https://raw.githubusercontent.com/PokeAPI/sprites/master/sprites/pokemon/454.png,toxicroak,444,13,poison;fighting
455,Carnivine,https://raw.githubusercontent.com/PokeAPI/sprites/master/sprites/pokemon/455.png,carnivine,270,14,grass
456,Finneon,https://raw.githubusercontent.com/PokeAPI/sprites/master/sprites/pokemon/456.png,finneon,70,4,water
457,Lumineon,https://raw.githubusercontent.com/PokeAPI/sprites/master/sprites/pokemon/457.png,lumineon,240,12,water
458,Mantyke,https://raw.githubusercontent.com/PokeAPI/sprites/master/sprites/pokemon/458.png,mantyke,650,10,water;flying
459,Snover,https://raw.githubusercontent.com/PokeAPI/sprites/master/sprites/pokemon/459.png,snover,505,10,grass;ice
446,Munchlax,https://raw.githubusercontent.com/PokeAPI/sprites/master/sprites/pokemon/446.png,munchlax,1050,6,normal
461,Weavile,https://raw.githubusercontent.com/PokeAPI/sprites/master/sprites/pokemon/461.png,weavile,340,11,dark;ice
462,Magnezone,https://raw.githubusercontent.com/PokeAPI/sprites/master/sprites/pokemon/462.png,magnezone,1800,12,electric;steel
443,Gible,https://raw.githubusercontent.com/PokeAPI/sprites/master/sprites/pokemon/443.png,gible,205,7,dragon;ground
444,Gabite,https://raw.githubusercontent.com/PokeAPI/sprites/master/sprites/pokemon/444.png,gabite,560,14,dragon;ground
445,Garchomp,https://raw.githubusercontent.com/PokeAPI/sprites/master/sprites/pokemon/445.png,garchomp,950,19,dragon;ground
449,Hippopotas,https://raw.githubusercontent.com/PokeAPI/sprites/master/sprites/pokemon/449.png,hippopotas,495,8,ground
447,Riolu,https://raw.githubusercontent.com/PokeAPI/sprites/master/sprites/pokemon/447.png,riolu,202,7,fighting
448,Lucario,https://raw.githubusercontent.com/PokeAPI/sprites/master/sprites/pokemon/448.png,lucario,540,12,fighting;steel
460,Abomasnow,https://raw.githubusercontent.com/PokeAPI/sprites/master/sprites/pokemon/460.png,abomasnow,1355,22,grass;ice
468,Togekiss,https://raw.githubusercontent.com/PokeAPI/sprites/master/sprites/pokemon/468.png,togekiss,380,15,fairy;flying
469,Yanmega,https://raw.githubusercontent.com/PokeAPI/sprites/master/sprites/pokemon/469.png,yanmega,515,19,bug;flying
470,Leafeon,https://raw.githubusercontent.com/PokeAPI/sprites/master/sprites/pokemon/470.png,leafeon,255,10,grass
471,Glaceon,https://raw.githubusercontent.com/PokeAPI/sprites/master/sprites/pokemon/471.png,glaceon,259,8,ice
473,Mamoswine,https://raw.githubusercontent.com/PokeAPI/sprites/master/sprites/pokemon/473.png,mamoswine,2910,25,ice;ground
463,Lickilicky,https://raw.githubusercontent.com/PokeAPI/sprites/master/sprites/pokemon/463.png,lickilicky,1400,17,normal
464,Rhyperior,https://raw.githubusercontent.com/PokeAPI/sprites/master/sprites/pokemon/464.png,rhyperior,2828,24,ground;rock
467,Magmortar,https://raw.githubusercontent.com/PokeAPI/sprites/master/sprites/pokemon/467.png,magmortar,680,16,fire
465,Tangrowth,https://raw.githubusercontent.com/PokeAPI/sprites/master/sprites/pokemon/465.png,tangrowth,1286,20,grass
466,Electivire,https://raw.githubusercontent.com/PokeAPI/sprites/master/sprites/pokemon/466.png,electivire,1386,18,electric
474,Porygon-Z,https://raw.githubusercontent.com/PokeAPI/sprites/master/sprites/pokemon/474.png,porygon-z,340,9,normal
472,Gliscor,https://raw.githubusercontent.com/PokeAPI/sprites/master/sprites/pokemon/472.png,gliscor,425,20,ground;flying
475,Gallade,https://raw.githubusercontent.com/PokeAPI/sprites/master/sprites/pokemon/475.png,gallade,520,16,fighting;psychic
476,Probopass,https://raw.githubusercontent.com/PokeAPI/sprites/master/sprites/pokemon/476.png,probopass,3400,14,rock;steel
477,Dusknoir,https://raw.githubusercontent.com/PokeAPI/sprites/master/sprites/pokemon/477.png,dusknoir,1066,22,ghost
478,Froslass,https://raw.githubusercontent.com/PokeAPI/sprites/master/sprites/pokemon/478.png,froslass,266,13,ice;ghost
479,Rotom,https://raw.githubusercontent.com/PokeAPI/sprites/master/sprites/pokemon/479.png,rotom,3,3,electric;ghost
481,Mesprit,https://raw.githubusercontent.com/PokeAPI/sprites/master/sprites/pokemon/481.png,mesprit,3,3,psychic
480,Uxie,https://raw.githubusercontent.com/PokeAPI/sprites/master/sprites/pokemon/480.png,uxie,3,3,psychic
482,Azelf,https://raw.githubusercontent.com/PokeAPI/sprites/master/sprites/pokemon/482.png,azelf,3,3,psychic
483,Dialga,https://raw.githubusercontent.com/PokeAPI/sprites/master/sprites/pokemon/483.png,dialga,6830,54,steel;dragon
485,Heatran,https://raw.githubusercontent.com/PokeAPI/sprites/master/sprites/pokemon/485.png,heatran,4300,17,fire;steel
486,Regigigas,https://raw.githubusercontent.com/PokeAPI/sprites/master/sprites/pokemon/486.png,regigigas,4200,37,normal
487,Giratina,https://raw.githubusercontent.com/PokeAPI/sprites/master/sprites/pokemon/487.png,giratina-altered,7500,45,ghost;dragon
484,Palkia,https://raw.githubusercontent.com/PokeAPI/sprites/master/sprites/pokemon/484.png,palkia,3360,42,water;dragon
488,Cresselia,https://raw.githubusercontent.com/PokeAPI/sprites/master/sprites/pokemon/488.png,cresselia,856,15,psychic
489,Phione,https://raw.githubusercontent.com/PokeAPI/sprites/master/sprites/pokemon/489.png,phione,31,4,water
491,Darkrai,https://raw.githubusercontent.com/PokeAPI/sprites/master/sprites/pokemon/491.png,darkrai,505,15,dark
490,Manaphy,https://raw.githubusercontent.com/PokeAPI/sprites/master/sprites/pokemon/490.png,manaphy,14,3,water
493,Arceus,https://raw.githubusercontent.com/PokeAPI/sprites/master/sprites/pokemon/493.png,arceus,3200,32,normal
492,Shaymin,https://raw.githubusercontent.com/PokeAPI/sprites/master/sprites/pokemon/492.png,shaymin-land,21,2,grass
495,Snivy,https://raw.githubusercontent.com/PokeAPI/sprites/master/sprites/pokemon/495.png,snivy,81,6,grass
494,Victini,https://raw.githubusercontent.com/PokeAPI/sprites/master/sprites/pokemon/494.png,victini,40,4,fire;psychic
497,Serperior,https://raw.githubusercontent.com/PokeAPI/sprites/master/sprites/pokemon/497.png,serperior,630,33,grass
496,Servine,https://raw.githubusercontent.com/PokeAPI/sprites/master/sprites/pokemon/496.png,servine,160,8,grass
498,Tepig,https://raw.githubusercontent.com/PokeAPI/sprites/master/sprites/pokemon/498.png,tepig,99,5,fire
502,Dewott,https://raw.githubusercontent.com/PokeAPI/sprites/master/sprites/pokemon/502.png,dewott,245,8,water
504,Patrat,https://raw.githubusercontent.com/PokeAPI/sprites/master/sprites/pokemon/504.png,patrat,116,5,normal
508,Stoutland,https://raw.githubusercontent.com/PokeAPI/sprites/master/sprites/pokemon/508.png,stoutland,610,12,normal
509,Purrloin,https://raw.githubusercontent.com/PokeAPI/sprites/master/sprites/pokemon/509.png,purrloin,101,4,dark
510,Liepard,https://raw.githubusercontent.com/PokeAPI/sprites/master/sprites/pokemon/510.png,liepard,375,11,dark
507,Herdier,https://raw.githubusercontent.com/PokeAPI/sprites/master/sprites/pokemon/507.png,herdier,147,9,normal
511,Pansage,https://raw.githubusercontent.com/PokeAPI/sprites/master/sprites/pokemon/511.png,pansage,105,6,grass
503,Samurott,https://raw.githubusercontent.com/PokeAPI/sprites/master/sprites/pokemon/503.png,samurott,946,15,water
500,Emboar,https://raw.githubusercontent.com/PokeAPI/sprites/master/sprites/pokemon/500.png,emboar,1500,16,fire;fighting
499,Pignite,https://raw.githubusercontent.com/PokeAPI/sprites/master/sprites/pokemon/499.png,pignite,555,10,fire;fighting
506,Lillipup,https://raw.githubusercontent.com/PokeAPI/sprites/master/sprites/pokemon/506.png,lillipup,41,4,normal
501,Oshawott,https://raw.githubusercontent.com/PokeAPI/sprites/master/sprites/pokemon/501.png,oshawott,59,5,water
512,Simisage,https://raw.githubusercontent.com/PokeAPI/sprites/master/sprites/pokemon/512.png,simisage,305,11,grass
513,Pansear,https://raw.githubusercontent.com/PokeAPI/sprites/master/sprites/pokemon/513.png,pansear,110,6,fire
514,Simisear,https://raw.githubusercontent.com/PokeAPI/sprites/master/sprites/pokemon/514.png,simisear,280,10,fire
515,Panpour,https://raw.githubusercontent.com/PokeAPI/sprites/master/sprites/pokemon/515.png,panpour,135,6,water
516,Simipour,https://raw.githubusercontent.com/PokeAPI/sprites/master/sprites/pokemon/516.png,simipour,290,10,water
505,Watchog,https://raw.githubusercontent.com/PokeAPI/sprites/master/sprites/pokemon/505.png,watchog,270,11,normal
519,Pidove,https://raw.githubusercontent.com/PokeAPI/sprites/master/sprites/pokemon/519.png,pidove,21,3,normal;flying
517,Munna,https://raw.githubusercontent.com/PokeAPI/sprites/master/sprites/pokemon/517.png,munna,233,6,psychic
521,Unfezant,https://raw.githubusercontent.com/PokeAPI/sprites/master/sprites/pokemon/521.png,unfezant,290,12,flying;normal
520,Tranquill,https://raw.githubusercontent.com/PokeAPI/sprites/master/sprites/pokemon/520.png,tranquill,150,6,flying;normal
523,Zebstrika,https://raw.githubusercontent.com/PokeAPI/sprites/master/sprites/pokemon/523.png,zebstrika,795,16,electric
522,Blitzle,https://raw.githubusercontent.com/PokeAPI/sprites/master/sprites/pokemon/522.png,blitzle,298,8,electric
524,Roggenrola,https://raw.githubusercontent.com/PokeAPI/sprites/master/sprites/pokemon/524.png,roggenrola,180,4,rock
525,Boldore,https://raw.githubusercontent.com/PokeAPI/sprites/master/sprites/pokemon/525.png,boldore,1020,9,rock
518,Musharna,https://raw.githubusercontent.com/PokeAPI/sprites/master/sprites/pokemon/518.png,musharna,605,11,psychic
531,Audino,https://raw.githubusercontent.com/PokeAPI/sprites/master/sprites/pokemon/531.png,audino,310,11,normal
534,Conkeldurr,https://raw.githubusercontent.com/PokeAPI/sprites/master/sprites/pokemon/534.png,conkeldurr,870,14,fighting
535,Tympole,https://raw.githubusercontent.com/PokeAPI/sprites/master/sprites/pokemon/535.png,tympole,45,5,water
529,Drilbur,https://raw.githubusercontent.com/PokeAPI/sprites/master/sprites/pokemon/529.png,drilbur,85,3,ground
530,Excadrill,https://raw.githubusercontent.com/PokeAPI/sprites/master/sprites/pokemon/530.png,excadrill,404,7,ground;steel
527,Woobat,https://raw.githubusercontent.com/PokeAPI/sprites/master/sprites/pokemon/527.png,woobat,21,4,psychic;flying
528,Swoobat,https://raw.githubusercontent.com/PokeAPI/sprites/master/sprites/pokemon/528.png,swoobat,105,9,flying;psychic
532,Timburr,https://raw.githubusercontent.com/PokeAPI/sprites/master/sprites/pokemon/532.png,timburr,125,6,fighting
526,Gigalith,https://raw.githubusercontent.com/PokeAPI/sprites/master/sprites/pokemon/526.png,gigalith,2600,17,rock
538,Throh,https://raw.githubusercontent.com/PokeAPI/sprites/master/sprites/pokemon/538.png,throh,555,13,fighting
540,Sewaddle,https://raw.githubusercontent.com/PokeAPI/sprites/master/sprites/pokemon/540.png,sewaddle,25,3,grass;bug
544,Whirlipede,https://raw.githubusercontent.com/PokeAPI/sprites/master/sprites/pokemon/544.png,whirlipede,585,12,bug;poison
545,Scolipede,https://raw.githubusercontent.com/PokeAPI/sprites/master/sprites/pokemon/545.png,scolipede,2005,25,bug;poison
546,Cottonee,https://raw.githubusercontent.com/PokeAPI/sprites/master/sprites/pokemon/546.png,cottonee,6,3,fairy;grass
541,Swadloon,https://raw.githubusercontent.com/PokeAPI/sprites/master/sprites/pokemon/541.png,swadloon,73,5,bug;grass
547,Whimsicott,https://raw.githubusercontent.com/PokeAPI/sprites/master/sprites/pokemon/547.png,whimsicott,66,7,grass;fairy
548,Petilil,https://raw.githubusercontent.com/PokeAPI/sprites/master/sprites/pokemon/548.png,petilil,66,5,grass
543,Venipede,https://raw.githubusercontent.com/PokeAPI/sprites/master/sprites/pokemon/543.png,venipede,53,4,bug;poison
539,Sawk,https://raw.githubusercontent.com/PokeAPI/sprites/master/sprites/pokemon/539.png,sawk,510,14,fighting
536,Palpitoad,https://raw.githubusercontent.com/PokeAPI/sprites/master/sprites/pokemon/536.png,palpitoad,170,8,water;ground
533,Gurdurr,https://raw.githubusercontent.com/PokeAPI/sprites/master/sprites/pokemon/533.png,gurdurr,400,12,fighting
542,Leavanny,https://raw.githubusercontent.com/PokeAPI/sprites/master/sprites/pokemon/542.png,leavanny,205,12,bug;grass
537,Seismitoad,https://raw.githubusercontent.com/PokeAPI/sprites/master/sprites/pokemon/537.png,seismitoad,620,15,water;ground
552,Krokorok,https://raw.githubusercontent.com/PokeAPI/sprites/master/sprites/pokemon/552.png,krokorok,334,10,ground;dark
554,Darumaka,https://raw.githubusercontent.com/PokeAPI/sprites/master/sprites/pokemon/554.png,darumaka,375,6,fire
557,Dwebble,https://raw.githubusercontent.com/PokeAPI/sprites/master/sprites/pokemon/557.png,dwebble,145,3,bug;rock
555,Darmanitan,https://raw.githubusercontent.com/PokeAPI/sprites/master/sprites/pokemon/555.png,darmanitan-standard,929,13,fire
558,Crustle,https://raw.githubusercontent.com/PokeAPI/sprites/master/sprites/pokemon/558.png,crustle,2000,14,bug;rock
559,Scraggy,https://raw.githubusercontent.com/PokeAPI/sprites/master/sprites/pokemon/559.png,scraggy,118,6,dark;fighting
561,Sigilyph,https://raw.githubusercontent.com/PokeAPI/sprites/master/sprites/pokemon/561.png,sigilyph,140,14,psychic;flying
562,Yamask,https://raw.githubusercontent.com/PokeAPI/sprites/master/sprites/pokemon/562.png,yamask,15,5,ghost
560,Scrafty,https://raw.githubusercontent.com/PokeAPI/sprites/master/sprites/pokemon/560.png,scrafty,300,11,fighting;dark
563,Cofagrigus,https://raw.githubusercontent.com/PokeAPI/sprites/master/sprites/pokemon/563.png,cofagrigus,765,17,ghost
564,Tirtouga,https://raw.githubusercontent.com/PokeAPI/sprites/master/sprites/pokemon/564.png,tirtouga,165,7,water;rock
565,Carracosta,https://raw.githubusercontent.com/PokeAPI/sprites/master/sprites/pokemon/565.png,carracosta,810,12,water;rock
553,Krookodile,https://raw.githubusercontent.com/PokeAPI/sprites/master/sprites/pokemon/553.png,krookodile,963,15,ground;dark
550,Basculin,https://raw.githubusercontent.com/PokeAPI/sprites/master/sprites/pokemon/550.png,basculin-red-striped,180,10,water
556,Maractus,https://raw.githubusercontent.com/PokeAPI/sprites/master/sprites/pokemon/556.png,maractus,280,10,grass
549,Lilligant,https://raw.githubusercontent.com/PokeAPI/sprites/master/sprites/pokemon/549.png,lilligant,163,11,grass
551,Sandile,https://raw.githubusercontent.com/PokeAPI/sprites/master/sprites/pokemon/551.png,sandile,152,7,ground;dark
566,Archen,https://raw.githubusercontent.com/PokeAPI/sprites/master/sprites/pokemon/566.png,archen,95,5,rock;flying
572,Minccino,https://raw.githubusercontent.com/PokeAPI/sprites/master/sprites/pokemon/572.png,minccino,58,4,normal
569,Garbodor,https://raw.githubusercontent.com/PokeAPI/sprites/master/sprites/pokemon/569.png,garbodor,1073,19,poison
567,Archeops,https://raw.githubusercontent.com/PokeAPI/sprites/master/sprites/pokemon/567.png,archeops,320,14,rock;flying
568,Trubbish,https://raw.githubusercontent.com/PokeAPI/sprites/master/sprites/pokemon/568.png,trubbish,310,6,poison
571,Zoroark,https://raw.githubusercontent.com/PokeAPI/sprites/master/sprites/pokemon/571.png,zoroark,811,16,dark
570,Zorua,https://raw.githubusercontent.com/PokeAPI/sprites/master/sprites/pokemon/570.png,zorua,125,7,dark
573,Cinccino,https://raw.githubusercontent.com/PokeAPI/sprites/master/sprites/pokemon/573.png,cinccino,75,5,normal
574,Gothita,https://raw.githubusercontent.com/PokeAPI/sprites/master/sprites/pokemon/574.png,gothita,58,4,psychic
575,Gothorita,https://raw.githubusercontent.com/PokeAPI/sprites/master/sprites/pokemon/575.png,gothorita,180,7,psychic
579,Reuniclus,https://raw.githubusercontent.com/PokeAPI/sprites/master/sprites/pokemon/579.png,reuniclus,201,10,psychic
584,Vanilluxe,https://raw.githubusercontent.com/PokeAPI/sprites/master/sprites/pokemon/584.png,vanilluxe,575,13,ice
582,Vanillite,https://raw.githubusercontent.com/PokeAPI/sprites/master/sprites/pokemon/582.png,vanillite,57,4,ice
581,Swanna,https://raw.githubusercontent.com/PokeAPI/sprites/master/sprites/pokemon/581.png,swanna,242,13,water;flying
585,Deerling,https://raw.githubusercontent.com/PokeAPI/sprites/master/sprites/pokemon/585.png,deerling,195,6,normal;grass
586,Sawsbuck,https://raw.githubusercontent.com/PokeAPI/sprites/master/sprites/pokemon/586.png,sawsbuck,925,19,normal;grass
587,Emolga,https://raw.githubusercontent.com/PokeAPI/sprites/master/sprites/pokemon/587.png,emolga,50,4,electric;flying
588,Karrablast,https://raw.githubusercontent.com/PokeAPI/sprites/master/sprites/pokemon/588.png,karrablast,59,5,bug
580,Ducklett,https://raw.githubusercontent.com/PokeAPI/sprites/master/sprites/pokemon/580.png,ducklett,55,5,water;flying
577,Solosis,https://raw.githubusercontent.com/PokeAPI/sprites/master/sprites/pokemon/577.png,solosis,10,3,psychic
583,Vanillish,https://raw.githubusercontent.com/PokeAPI/sprites/master/sprites/pokemon/583.png,vanillish,410,11,ice
576,Gothitelle,https://raw.githubusercontent.com/PokeAPI/sprites/master/sprites/pokemon/576.png,gothitelle,440,15,psychic
578,Duosion,https://raw.githubusercontent.com/PokeAPI/sprites/master/sprites/pokemon/578.png,duosion,80,6,psychic
589,Escavalier,https://raw.githubusercontent.com/PokeAPI/sprites/master/sprites/pokemon/589.png,escavalier,330,10,bug;steel
590,Foongus,https://raw.githubusercontent.com/PokeAPI/sprites/master/sprites/pokemon/590.png,foongus,10,2,poison;grass
592,Frillish,https://raw.githubusercontent.com/PokeAPI/sprites/master/sprites/pokemon/592.png,frillish,330,12,water;ghost
591,Amoonguss,https://raw.githubusercontent.com/PokeAPI/sprites/master/sprites/pokemon/591.png,amoonguss,105,6,grass;poison
594,Alomomola,https://raw.githubusercontent.com/PokeAPI/sprites/master/sprites/pokemon/594.png,alomomola,316,12,water
593,Jellicent,https://raw.githubusercontent.com/PokeAPI/sprites/master/sprites/pokemon/593.png,jellicent,1350,22,water;ghost
602,Tynamo,https://raw.githubusercontent.com/PokeAPI/sprites/master/sprites/pokemon/602.png,tynamo,3,2,electric
603,Eelektrik,https://raw.githubusercontent.com/PokeAPI/sprites/master/sprites/pokemon/603.png,eelektrik,220,12,electric
598,Ferrothorn,https://raw.githubusercontent.com/PokeAPI/sprites/master/sprites/pokemon/598.png,ferrothorn,1100,10,grass;steel
596,Galvantula,https://raw.githubusercontent.com/PokeAPI/sprites/master/sprites/pokemon/596.png,galvantula,143,8,bug;electric
600,Klang,https://raw.githubusercontent.com/PokeAPI/sprites/master/sprites/pokemon/600.png,klang,510,6,steel
605,Elgyem,https://raw.githubusercontent.com/PokeAPI/sprites/master/sprites/pokemon/605.png,elgyem,90,5,psychic
599,Klink,https://raw.githubusercontent.com/PokeAPI/sprites/master/sprites/pokemon/599.png,klink,210,3,steel
595,Joltik,https://raw.githubusercontent.com/PokeAPI/sprites/master/sprites/pokemon/595.png,joltik,6,1,electric;bug
597,Ferroseed,https://raw.githubusercontent.com/PokeAPI/sprites/master/sprites/pokemon/597.png,ferroseed,188,6,grass;steel
601,Klinklang,https://raw.githubusercontent.com/PokeAPI/sprites/master/sprites/pokemon/601.png,klinklang,810,6,steel
604,Eelektross,https://raw.githubusercontent.com/PokeAPI/sprites/master/sprites/pokemon/604.png,eelektross,805,21,electric
609,Chandelure,https://raw.githubusercontent.com/PokeAPI/sprites/master/sprites/pokemon/609.png,chandelure,343,10,ghost;fire
611,Fraxure,https://raw.githubusercontent.com/PokeAPI/sprites/master/sprites/pokemon/611.png,fraxure,360,10,dragon
614,Beartic,https://raw.githubusercontent.com/PokeAPI/sprites/master/sprites/pokemon/614.png,beartic,2600,26,ice
612,Haxorus,https://raw.githubusercontent.com/PokeAPI/sprites/master/sprites/pokemon/612.png,haxorus,1055,18,dragon
607,Litwick,https://raw.githubusercontent.com/PokeAPI/sprites/master/sprites/pokemon/607.png,litwick,31,3,ghost;fire
616,Shelmet,https://raw.githubusercontent.com/PokeAPI/sprites/master/sprites/pokemon/616.png,shelmet,77,4,bug
615,Cryogonal,https://raw.githubusercontent.com/PokeAPI/sprites/master/sprites/pokemon/615.png,cryogonal,1480,11,ice
610,Axew,https://raw.githubusercontent.com/PokeAPI/sprites/master/sprites/pokemon/610.png,axew,180,6,dragon
613,Cubchoo,https://raw.githubusercontent.com/PokeAPI/sprites/master/sprites/pokemon/613.png,cubchoo,85,5,ice
608,Lampent,https://raw.githubusercontent.com/PokeAPI/sprites/master/sprites/pokemon/608.png,lampent,130,6,ghost;fire
606,Beheeyem,https://raw.githubusercontent.com/PokeAPI/sprites/master/sprites/pokemon/606.png,beheeyem,345,10,psychic
618,Stunfisk,https://raw.githubusercontent.com/PokeAPI/sprites/master/sprites/pokemon/618.png,stunfisk,110,7,ground;electric
625,Bisharp,https://raw.githubusercontent.com/PokeAPI/sprites/master/sprites/pokemon/625.png,bisharp,700,16,dark;steel
620,Mienshao,https://raw.githubusercontent.com/PokeAPI/sprites/master/sprites/pokemon/620.png,mienshao,355,14,fighting
626,Bouffalant,https://raw.githubusercontent.com/PokeAPI/sprites/master/sprites/pokemon/626.png,bouffalant,946,16,normal
627,Rufflet,https://raw.githubusercontent.com/PokeAPI/sprites/master/sprites/pokemon/627.png,rufflet,105,5,normal;flying
628,Braviary,https://raw.githubusercontent.com/PokeAPI/sprites/master/sprites/pokemon/628.png,braviary,410,15,normal;flying
617,Accelgor,https://raw.githubusercontent.com/PokeAPI/sprites/master/sprites/pokemon/617.png,accelgor,253,8,bug
619,Mienfoo,https://raw.githubusercontent.com/PokeAPI/sprites/master/sprites/pokemon/619.png,mienfoo,200,9,fighting
630,Mandibuzz,https://raw.githubusercontent.com/PokeAPI/sprites/master/sprites/pokemon/630.png,mandibuzz,395,12,dark;flying
631,Heatmor,https://raw.githubusercontent.com/PokeAPI/sprites/master/sprites/pokemon/631.png,heatmor,580,14,fire
629,Vullaby,https://raw.githubusercontent.com/PokeAPI/sprites/master/sprites/pokemon/629.png,vullaby,90,5,dark;flying
633,Deino,https://raw.githubusercontent.com/PokeAPI/sprites/master/sprites/pokemon/633.png,deino,173,8,dragon;dark
622,Golett,https://raw.githubusercontent.com/PokeAPI/sprites/master/sprites/pokemon/622.png,golett,920,10,ground;ghost
632,Durant,https://raw.githubusercontent.com/PokeAPI/sprites/master/sprites/pokemon/632.png,durant,330,3,bug;steel
623,Golurk,https://raw.githubusercontent.com/PokeAPI/sprites/master/sprites/pokemon/623.png,golurk,3300,28,ground;ghost
621,Druddigon,https://raw.githubusercontent.com/PokeAPI/sprites/master/sprites/pokemon/621.png,druddigon,1390,16,dragon
634,Zweilous,https://raw.githubusercontent.com/PokeAPI/sprites/master/sprites/pokemon/634.png,zweilous,500,14,dark;dragon
624,Pawniard,https://raw.githubusercontent.com/PokeAPI/sprites/master/sprites/pokemon/624.png,pawniard,102,5,dark;steel
640,Virizion,https://raw.githubusercontent.com/PokeAPI/sprites/master/sprites/pokemon/640.png,virizion,2000,20,grass;fighting
638,Cobalion,https://raw.githubusercontent.com/PokeAPI/sprites/master/sprites/pokemon/638.png,cobalion,2500,21,steel;fighting
641,Tornadus,https://raw.githubusercontent.com/PokeAPI/sprites/master/sprites/pokemon/641.png,tornadus-incarnate,630,15,flying
644,Zekrom,https://raw.githubusercontent.com/PokeAPI/sprites/master/sprites/pokemon/644.png,zekrom,3450,29,dragon;electric
643,Reshiram,https://raw.githubusercontent.com/PokeAPI/sprites/master/sprites/pokemon/643.png,reshiram,3300,32,dragon;fire
645,Landorus,https://raw.githubusercontent.com/PokeAPI/sprites/master/sprites/pokemon/645.png,landorus-incarnate,680,15,ground;flying
639,Terrakion,https://raw.githubusercontent.com/PokeAPI/sprites/master/sprites/pokemon/639.png,terrakion,2600,19,rock;fighting
637,Volcarona,https://raw.githubusercontent.com/PokeAPI/sprites/master/sprites/pokemon/637.png,volcarona,460,16,bug;fire
642,Thundurus,https://raw.githubusercontent.com/PokeAPI/sprites/master/sprites/pokemon/642.png,thundurus-incarnate,610,15,electric;flying
635,Hydreigon,https://raw.githubusercontent.com/PokeAPI/sprites/master/sprites/pokemon/635.png,hydreigon,1600,18,dark;dragon
646,Kyurem,https://raw.githubusercontent.com/PokeAPI/sprites/master/sprites/pokemon/646.png,kyurem,3250,30,dragon;ice
636,Larvesta,https://raw.githubusercontent.com/PokeAPI/sprites/master/sprites/pokemon/636.png,larvesta,288,11,bug;fire
654,Braixen,https://raw.githubusercontent.com/PokeAPI/sprites/master/sprites/pokemon/654.png,braixen,145,10,fire
650,Chespin,https://raw.githubusercontent.com/PokeAPI/sprites/master/sprites/pokemon/650.png,chespin,90,4,grass
648,Meloetta,https://raw.githubusercontent.com/PokeAPI/sprites/master/sprites/pokemon/648.png,meloetta-aria,65,6,normal;psychic
656,Froakie,https://raw.githubusercontent.com/PokeAPI/sprites/master/sprites/pokemon/656.png,froakie,70,3,water
652,Chesnaught,https://raw.githubusercontent.com/PokeAPI/sprites/master/sprites/pokemon/652.png,chesnaught,900,16,grass;fighting
655,Delphox,https://raw.githubusercontent.com/PokeAPI/sprites/master/sprites/pokemon/655.png,delphox,390,15,fire;psychic
657,Frogadier,https://raw.githubusercontent.com/PokeAPI/sprites/master/sprites/pokemon/657.png,frogadier,109,6,water
658,Greninja,https://raw.githubusercontent.com/PokeAPI/sprites/master/sprites/pokemon/658.png,greninja,400,15,water;dark
649,Genesect,https://raw.githubusercontent.com/PokeAPI/sprites/master/sprites/pokemon/649.png,genesect,825,15,bug;steel
660,Diggersby,https://raw.githubusercontent.com/PokeAPI/sprites/master/sprites/pokemon/660.png,diggersby,424,10,normal;ground
659,Bunnelby,https://raw.githubusercontent.com/PokeAPI/sprites/master/sprites/pokemon/659.png,bunnelby,50,4,normal
661,Fletchling,https://raw.githubusercontent.com/PokeAPI/sprites/master/sprites/pokemon/661.png,fletchling,17,3,normal;flying
662,Fletchinder,https://raw.githubusercontent.com/PokeAPI/sprites/master/sprites/pokemon/662.png,fletchinder,160,7,fire;flying
663,Talonflame,https://raw.githubusercontent.com/PokeAPI/sprites/master/sprites/pokemon/663.png,talonflame,245,12,fire;flying
647,Keldeo,https://raw.githubusercontent.com/PokeAPI/sprites/master/sprites/pokemon/647.png,keldeo-ordinary,485,14,water;fighting
651,Quilladin,https://raw.githubusercontent.com/PokeAPI/sprites/master/sprites/pokemon/651.png,quilladin,290,7,grass
653,Fennekin,https://raw.githubusercontent.com/PokeAPI/sprites/master/sprites/pokemon/653.png,fennekin,94,4,fire
667,Litleo,https://raw.githubusercontent.com/PokeAPI/sprites/master/sprites/pokemon/667.png,litleo,135,6,fire;normal
672,Skiddo,https://raw.githubusercontent.com/PokeAPI/sprites/master/sprites/pokemon/672.png,skiddo,310,9,grass
673,Gogoat,https://raw.githubusercontent.com/PokeAPI/sprites/master/sprites/pokemon/673.png,gogoat,910,17,grass
664,Scatterbug,https://raw.githubusercontent.com/PokeAPI/sprites/master/sprites/pokemon/664.png,scatterbug,25,3,bug
675,Pangoro,https://raw.githubusercontent.com/PokeAPI/sprites/master/sprites/pokemon/675.png,pangoro,1360,21,fighting;dark
676,Furfrou,https://raw.githubusercontent.com/PokeAPI/sprites/master/sprites/pokemon/676.png,furfrou,280,12,normal
677,Espurr,https://raw.githubusercontent.com/PokeAPI/sprites/master/sprites/pokemon/677.png,espurr,35,3,psychic
665,Spewpa,https://raw.githubusercontent.com/PokeAPI/sprites/master/sprites/pokemon/665.png,spewpa,84,3,bug
679,Honedge,https://raw.githubusercontent.com/PokeAPI/sprites/master/sprites/pokemon/679.png,honedge,20,8,steel;ghost
680,Doublade,https://raw.githubusercontent.com/PokeAPI/sprites/master/sprites/pokemon/680.png,doublade,45,8,steel;ghost
681,Aegislash,https://raw.githubusercontent.com/PokeAPI/sprites/master/sprites/pokemon/681.png,aegislash-shield,530,17,steel;ghost
682,Spritzee,https://raw.githubusercontent.com/PokeAPI/sprites/master/sprites/pokemon/682.png,spritzee,5,2,fairy
683,Aromatisse,https://raw.githubusercontent.com/PokeAPI/sprites/master/sprites/pokemon/683.png,aromatisse,155,8,fairy
684,Swirlix,https://raw.githubusercontent.com/PokeAPI/sprites/master/sprites/pokemon/684.png,swirlix,35,4,fairy
685,Slurpuff,https://raw.githubusercontent.com/PokeAPI/sprites/master/sprites/pokemon/685.png,slurpuff,50,8,fairy
686,Inkay,https://raw.githubusercontent.com/PokeAPI/sprites/master/sprites/pokemon/686.png,inkay,35,4,dark;psychic
687,Malamar,https://raw.githubusercontent.com/PokeAPI/sprites/master/sprites/pokemon/687.png,malamar,470,15,dark;psychic
666,Vivillon,https://raw.githubusercontent.com/PokeAPI/sprites/master/sprites/pokemon/666.png,vivillon,170,12,bug;flying
689,Barbaracle,https://raw.githubusercontent.com/PokeAPI/sprites/master/sprites/pokemon/689.png,barbaracle,960,13,rock;water
690,Skrelp,https://raw.githubusercontent.com/PokeAPI/sprites/master/sprites/pokemon/690.png,skrelp,73,5,poison;water
691,Dragalge,https://raw.githubusercontent.com/PokeAPI/sprites/master/sprites/pokemon/691.png,dragalge,815,18,poison;dragon
692,Clauncher,https://raw.githubusercontent.com/PokeAPI/sprites/master/sprites/pokemon/692.png,clauncher,83,5,water
693,Clawitzer,https://raw.githubusercontent.com/PokeAPI/sprites/master/sprites/pokemon/693.png,clawitzer,353,13,water
694,Helioptile,https://raw.githubusercontent.com/PokeAPI/sprites/master/sprites/pokemon/694.png,helioptile,60,5,electric;normal
695,Heliolisk,https://raw.githubusercontent.com/PokeAPI/sprites/master/sprites/pokemon/695.png,heliolisk,210,10,electric;normal
671,Florges,https://raw.githubusercontent.com/PokeAPI/sprites/master/sprites/pokemon/671.png,florges,100,11,fairy
697,Tyrantrum,https://raw.githubusercontent.com/PokeAPI/sprites/master/sprites/pokemon/697.png,tyrantrum,2700,25,rock;dragon
698,Amaura,https://raw.githubusercontent.com/PokeAPI/sprites/master/sprites/pokemon/698.png,amaura,252,13,rock;ice
699,Aurorus,https://raw.githubusercontent.com/PokeAPI/sprites/master/sprites/pokemon/699.png,aurorus,2250,27,rock;ice
700,Sylveon,https://raw.githubusercontent.com/PokeAPI/sprites/master/sprites/pokemon/700.png,sylveon,235,10,fairy
701,Hawlucha,https://raw.githubusercontent.com/PokeAPI/sprites/master/sprites/pokemon/701.png,hawlucha,215,8,fighting;flying
702,Dedenne,https://raw.githubusercontent.com/PokeAPI/sprites/master/sprites/pokemon/702.png,dedenne,22,2,fairy;electric
703,Carbink,https://raw.githubusercontent.com/PokeAPI/sprites/master/sprites/pokemon/703.png,carbink,57,3,rock;fairy
704,Goomy,https://raw.githubusercontent.com/PokeAPI/sprites/master/sprites/pokemon/704.png,goomy,28,3,dragon
705,Sliggoo,https://raw.githubusercontent.com/PokeAPI/sprites/master/sprites/pokemon/705.png,sliggoo,175,8,dragon
706,Goodra,https://raw.githubusercontent.com/PokeAPI/sprites/master/sprites/pokemon/706.png,goodra,1505,20,dragon
668,Pyroar,https://raw.githubusercontent.com/PokeAPI/sprites/master/sprites/pokemon/668.png,pyroar,815,15,fire;normal
708,Phantump,https://raw.githubusercontent.com/PokeAPI/sprites/master/sprites/pokemon/708.png,phantump,70,4,ghost;grass
709,Trevenant,https://raw.githubusercontent.com/PokeAPI/sprites/master/sprites/pokemon/709.png,trevenant,710,15,ghost;grass
710,Pumpkaboo,https://raw.githubusercontent.com/PokeAPI/sprites/master/sprites/pokemon/710.png,pumpkaboo-average,50,4,ghost;grass
711,Gourgeist,https://raw.githubusercontent.com/PokeAPI/sprites/master/sprites/pokemon/711.png,gourgeist-average,125,9,ghost;grass
712,Bergmite,https://raw.githubusercontent.com/PokeAPI/sprites/master/sprites/pokemon/712.png,bergmite,995,10,ice
713,Avalugg,https://raw.githubusercontent.com/PokeAPI/sprites/master/sprites/pokemon/713.png,avalugg,5050,20,ice
714,Noibat,https://raw.githubusercontent.com/PokeAPI/sprites/master/sprites/pokemon/714.png,noibat,80,5,flying;dragon
715,Noivern,https://raw.githubusercontent.com/PokeAPI/sprites/master/sprites/pokemon/715.png,noivern,850,15,flying;dragon
716,Xerneas,https://raw.githubusercontent.com/PokeAPI/sprites/master/sprites/pokemon/716.png,xerneas,2150,30,fairy
717,Yveltal,https://raw.githubusercontent.com/PokeAPI/sprites/master/sprites/pokemon/717.png,yveltal,2030,58,dark;flying
718,Zygarde,https://raw.githubusercontent.com/PokeAPI/sprites/master/sprites/pokemon/718.png,zygarde,3050,50,ground;dragon
669,Flabébé,https://raw.githubusercontent.com/PokeAPI/sprites/master/sprites/pokemon/669.png,flabebe,1,1,fairy
720,Hoopa,https://raw.githubusercontent.com/PokeAPI/sprites/master/sprites/pokemon/720.png,hoopa,90,5,ghost;psychic
721,Volcanion,https://raw.githubusercontent.com/PokeAPI/sprites/master/sprites/pokemon/721.png,volcanion,1950,17,water;fire
722,Rowlet,https://raw.githubusercontent.com/PokeAPI/sprites/master/sprites/pokemon/722.png,rowlet,15,3,grass;flying
723,Dartrix,https://raw.githubusercontent.com/PokeAPI/sprites/master/sprites/pokemon/723.png,dartrix,160,7,grass;flying
724,Decidueye,https://raw.githubusercontent.com/PokeAPI/sprites/master/sprites/pokemon/724.png,decidueye,366,16,ghost;grass
725,Litten,https://raw.githubusercontent.com/PokeAPI/sprites/master/sprites/pokemon/725.png,litten,43,4,fire
726,Torracat,https://raw.githubusercontent.com/PokeAPI/sprites/master/sprites/pokemon/726.png,torracat,250,7,fire
727,Incineroar,https://raw.githubusercontent.com/PokeAPI/sprites/master/sprites/pokemon/727.png,incineroar,830,18,fire;dark
728,Popplio,https://raw.githubusercontent.com/PokeAPI/sprites/master/sprites/pokemon/728.png,popplio,75,4,water
729,Brionne,https://raw.githubusercontent.com/PokeAPI/sprites/master/sprites/pokemon/729.png,brionne,175,6,water
670,Floette,https://raw.githubusercontent.com/PokeAPI/sprites/master/sprites/pokemon/670.png,floette,9,2,fairy
731,Pikipek,https://raw.githubusercontent.com/PokeAPI/sprites/master/sprites/pokemon/731.png,pikipek,12,3,flying;normal
732,Trumbeak,https://raw.githubusercontent.com/PokeAPI/sprites/master/sprites/pokemon/732.png,trumbeak,148,6,flying;normal
733,Toucannon,https://raw.githubusercontent.com/PokeAPI/sprites/master/sprites/pokemon/733.png,toucannon,260,11,normal;flying
734,Yungoos,https://raw.githubusercontent.com/PokeAPI/sprites/master/sprites/pokemon/734.png,yungoos,60,4,normal
735,Gumshoos,https://raw.githubusercontent.com/PokeAPI/sprites/master/sprites/pokemon/735.png,gumshoos,142,7,normal
736,Grubbin,https://raw.githubusercontent.com/PokeAPI/sprites/master/sprites/pokemon/736.png,grubbin,44,4,bug
737,Charjabug,https://raw.githubusercontent.com/PokeAPI/sprites/master/sprites/pokemon/737.png,charjabug,105,5,bug;electric
696,Tyrunt,https://raw.githubusercontent.com/PokeAPI/sprites/master/sprites/pokemon/696.png,tyrunt,260,8,rock;dragon
739,Crabrawler,https://raw.githubusercontent.com/PokeAPI/sprites/master/sprites/pokemon/739.png,crabrawler,70,6,fighting
740,Crabominable,https://raw.githubusercontent.com/PokeAPI/sprites/master/sprites/pokemon/740.png,crabominable,1800,17,fighting;ice
741,Oricorio,https://raw.githubusercontent.com/PokeAPI/sprites/master/sprites/pokemon/741.png,oricorio-baile,34,6,fire;flying
742,Cutiefly,https://raw.githubusercontent.com/PokeAPI/sprites/master/sprites/pokemon/742.png,cutiefly,2,1,bug;fairy
743,Ribombee,https://raw.githubusercontent.com/PokeAPI/sprites/master/sprites/pokemon/743.png,ribombee,5,2,bug;fairy
744,Rockruff,https://raw.githubusercontent.com/PokeAPI/sprites/master/sprites/pokemon/744.png,rockruff,92,5,rock
745,Lycanroc,https://raw.githubusercontent.com/PokeAPI/sprites/master/sprites/pokemon/745.png,lycanroc-midday,250,8,rock
746,Wishiwashi,https://raw.githubusercontent.com/PokeAPI/sprites/master/sprites/pokemon/746.png,wishiwashi-solo,3,2,water
747,Mareanie,https://raw.githubusercontent.com/PokeAPI/sprites/master/sprites/pokemon/747.png,mareanie,80,4,poison;water
748,Toxapex,https://raw.githubusercontent.com/PokeAPI/sprites/master/sprites/pokemon/748.png,toxapex,145,7,water;poison
749,Mudbray,https://raw.githubusercontent.com/PokeAPI/sprites/master/sprites/pokemon/749.png,mudbray,1100,10,ground
688,Binacle,https://raw.githubusercontent.com/PokeAPI/sprites/master/sprites/pokemon/688.png,binacle,310,5,rock;water
674,Pancham,https://raw.githubusercontent.com/PokeAPI/sprites/master/sprites/pokemon/674.png,pancham,80,6,fighting
751,Dewpider,https://raw.githubusercontent.com/PokeAPI/sprites/master/sprites/pokemon/751.png,dewpider,40,3,water;bug
752,Araquanid,https://raw.githubusercontent.com/PokeAPI/sprites/master/sprites/pokemon/752.png,araquanid,820,18,water;bug
754,Lurantis,https://raw.githubusercontent.com/PokeAPI/sprites/master/sprites/pokemon/754.png,lurantis,185,9,grass
753,Fomantis,https://raw.githubusercontent.com/PokeAPI/sprites/master/sprites/pokemon/753.png,fomantis,15,3,grass
755,Morelull,https://raw.githubusercontent.com/PokeAPI/sprites/master/sprites/pokemon/755.png,morelull,15,2,fairy;grass
757,Salandit,https://raw.githubusercontent.com/PokeAPI/sprites/master/sprites/pokemon/757.png,salandit,48,6,poison;fire
756,Shiinotic,https://raw.githubusercontent.com/PokeAPI/sprites/master/sprites/pokemon/756.png,shiinotic,115,10,grass;fairy
707,Klefki,https://raw.githubusercontent.com/PokeAPI/sprites/master/sprites/pokemon/707.png,klefki,30,2,steel;fairy
719,Diancie,https://raw.githubusercontent.com/PokeAPI/sprites/master/sprites/pokemon/719.png,diancie,88,7,fairy;rock
738,Vikavolt,https://raw.githubusercontent.com/PokeAPI/sprites/master/sprites/pokemon/738.png,vikavolt,450,15,bug;electric
750,Mudsdale,https://raw.githubusercontent.com/PokeAPI/sprites/master/sprites/pokemon/750.png,mudsdale,9200,25,ground
758,Salazzle,https://raw.githubusercontent.com/PokeAPI/sprites/master/sprites/pokemon/758.png,salazzle,222,12,poison;fire
678,Meowstic,https://raw.githubusercontent.com/PokeAPI/sprites/master/sprites/pokemon/678.png,meowstic-male,85,6,psychic
759,Stufful,https://raw.githubusercontent.com/PokeAPI/sprites/master/sprites/pokemon/759.png,stufful,68,5,normal;fighting
760,Bewear,https://raw.githubusercontent.com/PokeAPI/sprites/master/sprites/pokemon/760.png,bewear,1350,21,normal;fighting
730,Primarina,https://raw.githubusercontent.com/PokeAPI/sprites/master/sprites/pokemon/730.png,primarina,440,18,fairy;water
762,Steenee,https://raw.githubusercontent.com/PokeAPI/sprites/master/sprites/pokemon/762.png,steenee,82,7,grass
761,Bounsweet,https://raw.githubusercontent.com/PokeAPI/sprites/master/sprites/pokemon/761.png,bounsweet,32,3,grass
765,Oranguru,https://raw.githubusercontent.com/PokeAPI/sprites/master/sprites/pokemon/765.png,oranguru,760,15,psychic;normal
764,Comfey,https://raw.githubusercontent.com/PokeAPI/sprites/master/sprites/pokemon/764.png,comfey,3,1,fairy
767,Wimpod,https://raw.githubusercontent.com/PokeAPI/sprites/master/sprites/pokemon/767.png,wimpod,120,5,water;bug
766,Passimian,https://raw.githubusercontent.com/PokeAPI/sprites/master/sprites/pokemon/766.png,passimian,828,20,fighting
763,Tsareena,https://raw.githubusercontent.com/PokeAPI/sprites/master/sprites/pokemon/763.png,tsareena,214,12,grass
769,Sandygast,https://raw.githubusercontent.com/PokeAPI/sprites/master/sprites/pokemon/769.png,sandygast,700,5,ghost;ground
770,Palossand,https://raw.githubusercontent.com/PokeAPI/sprites/master/sprites/pokemon/770.png,palossand,2500,13,ground;ghost
768,Golisopod,https://raw.githubusercontent.com/PokeAPI/sprites/master/sprites/pokemon/768.png,golisopod,1080,20,bug;water
771,Pyukumuku,https://raw.githubusercontent.com/PokeAPI/sprites/master/sprites/pokemon/771.png,pyukumuku,12,3,water
778,Mimikyu,https://raw.githubusercontent.com/PokeAPI/sprites/master/sprites/pokemon/778.png,mimikyu-disguised,7,2,ghost;fairy
772,Type: Null,https://raw.githubusercontent.com/PokeAPI/sprites/master/sprites/pokemon/772.png,type-null,1205,19,normal
774,Minior,https://raw.githubusercontent.com/PokeAPI/sprites/master/sprites/pokemon/774.png,minior-red-meteor,400,3,flying;rock
776,Turtonator,https://raw.githubusercontent.com/PokeAPI/sprites/master/sprites/pokemon/776.png,turtonator,2120,20,fire;dragon
775,Komala,https://raw.githubusercontent.com/PokeAPI/sprites/master/sprites/pokemon/775.png,komala,199,4,normal
779,Bruxish,https://raw.githubusercontent.com/PokeAPI/sprites/master/sprites/pokemon/779.png,bruxish,190,9,psychic;water
773,Silvally,https://raw.githubusercontent.com/PokeAPI/sprites/master/sprites/pokemon/773.png,silvally,1005,23,normal
777,Togedemaru,https://raw.githubusercontent.com/PokeAPI/sprites/master/sprites/pokemon/777.png,togedemaru,33,3,electric;steel
780,Drampa,https://raw.githubusercontent.com/PokeAPI/sprites/master/sprites/pokemon/780.png,drampa,1850,30,normal;dragon
781,Dhelmise,https://raw.githubusercontent.com/PokeAPI/sprites/master/sprites/pokemon/781.png,dhelmise,2100,39,ghost;grass
783,Hakamo-o,https://raw.githubusercontent.com/PokeAPI/sprites/master/sprites/pokemon/783.png,hakamo-o,470,12,dragon;fighting
785,Tapu Koko,https://raw.githubusercontent.com/PokeAPI/sprites/master/sprites/pokemon/785.png,tapu-koko,205,18,electric;fairy
790,Cosmoem,https://raw.githubusercontent.com/PokeAPI/sprites/master/sprites/pokemon/790.png,cosmoem,9999,1,psychic
787,Tapu Bulu,https://raw.githubusercontent.com/PokeAPI/sprites/master/sprites/pokemon/787.png,tapu-bulu,455,19,grass;fairy
793,Nihilego,https://raw.githubusercontent.com/PokeAPI/sprites/master/sprites/pokemon/793.png,nihilego,555,12,poison;rock
794,Buzzwole,https://raw.githubusercontent.com/PokeAPI/sprites/master/sprites/pokemon/794.png,buzzwole,3336,24,fighting;bug
791,Solgaleo,https://raw.githubusercontent.com/PokeAPI/sprites/master/sprites/pokemon/791.png,solgaleo,2300,34,steel;psychic
788,Tapu Fini,https://raw.githubusercontent.com/PokeAPI/sprites/master/sprites/pokemon/788.png,tapu-fini,212,13,water;fairy
792,Lunala,https://raw.githubusercontent.com/PokeAPI/sprites/master/sprites/pokemon/792.png,lunala,1200,40,ghost;psychic
796,Xurkitree,https://raw.githubusercontent.com/PokeAPI/sprites/master/sprites/pokemon/796.png,xurkitree,1000,38,electric
786,Tapu Lele,https://raw.githubusercontent.com/PokeAPI/sprites/master/sprites/pokemon/786.png,tapu-lele,186,12,fairy;psychic
795,Pheromosa,https://raw.githubusercontent.com/PokeAPI/sprites/master/sprites/pokemon/795.png,pheromosa,250,18,bug;fighting
784,Kommo-o,https://raw.githubusercontent.com/PokeAPI/sprites/master/sprites/pokemon/784.png,kommo-o,782,16,dragon;fighting
782,Jangmo-o,https://raw.githubusercontent.com/PokeAPI/sprites/master/sprites/pokemon/782.png,jangmo-o,297,6,dragon
799,Guzzlord,https://raw.githubusercontent.com/PokeAPI/sprites/master/sprites/pokemon/799.png,guzzlord,8880,55,dark;dragon
797,Celesteela,https://raw.githubusercontent.com/PokeAPI/sprites/master/sprites/pokemon/797.png,celesteela,9999,92,flying;steel
798,Kartana,https://raw.githubusercontent.com/PokeAPI/sprites/master/sprites/pokemon/798.png,kartana,1,3,grass;steel
789,Cosmog,https://raw.githubusercontent.com/PokeAPI/sprites/master/sprites/pokemon/789.png,cosmog,1,2,psychic
801,Magearna,https://raw.githubusercontent.com/PokeAPI/sprites/master/sprites/pokemon/801.png,magearna,805,10,steel;fairy
804,Naganadel,https://raw.githubusercontent.com/PokeAPI/sprites/master/sprites/pokemon/804.png,naganadel,1500,36,poison;dragon
805,Stakataka,https://raw.githubusercontent.com/PokeAPI/sprites/master/sprites/pokemon/805.png,stakataka,8200,55,rock;steel
806,Blacephalon,https://raw.githubusercontent.com/PokeAPI/sprites/master/sprites/pokemon/806.png,blacephalon,130,18,ghost;fire
807,Zeraora,https://raw.githubusercontent.com/PokeAPI/sprites/master/sprites/pokemon/807.png,zeraora,445,15,electric
800,Necrozma,https://raw.githubusercontent.com/PokeAPI/sprites/master/sprites/pokemon/800.png,necrozma,2300,24,psychic
802,Marshadow,https://raw.githubusercontent.com/PokeAPI/sprites/master/sprites/pokemon/802.png,marshadow,222,7,fighting;ghost
803,Poipole,https://raw.githubusercontent.com/PokeAPI/sprites/master/sprites/pokemon/803.png,poipole,18,6,poison